0,DATABASE,*,*,<srai>DBS</srai>,databases.aiml
0,DATABASES,*,*,<srai>DBS</srai>,databases.aiml
0,DBS,*,*,You can find a list of our databases <a href="http://www.mentorpl.org/find.html" target="_blank"><b>here</b></a>. If you do not see the database you're looking for on this list#Comma#Newline  or if you're not sure which database is the best one to use#Comma our reference staff may be able to help you find the information you're looking for. Call them at 440.255.8811 extension 215 during regular business hours. Or for immediate#Newline   assistance#Comma follow this link to <a href="http://www.knowitnow.org/" target="_blank"><b>Know it Now</b></a>. <br/><br/>#Newline   What kind of information are you looking for?#Newline   <think>#Newline<set name="topic">DBS</set>#Newline</think>,databases.aiml
0,_,*,DBS,<think>#Newline<set name="answr"><star/></set>#Newline<set name="topic">DBQ2</set>#Newline</think>#Newline<srai>DBQ2</srai>,databases.aiml
0,* DATABASE,*,*,<think>#Newline<set name="answr"><star/></set>#Newline<set name="topic">DBQ2</set>#Newline</think>#Newline<srai>DBQ2</srai>,databases.aiml
0,* DATABASE *,*,*,<think>#Newline<set name="answr"><star index="1"/><star index="2"/></set>#Newline<set name="topic">DBQ2</set>#Newline</think>#Newline<srai>DBQ2</srai>,databases.aiml
0,DATABASE *,*,*,<think>#Newline<set name="answr"><star/></set>#Newline<set name="topic">DBQ2</set>#Newline</think>#Newline<srai>DBQ2</srai>,databases.aiml
0,* DATABASES,*,*,<think>#Newline<set name="answr"><star/></set>#Newline<set name="topic">DBQ2</set>#Newline</think>#Newline<srai>DBQ2</srai>,databases.aiml
0,* DATABASES *,*,*,<think>#Newline<set name="answr"><star index="1"/><star index="2"/></set>#Newline<set name="topic">DBQ2</set>#Newline</think>#Newline<srai>DBQ2</srai>,databases.aiml
0,DATABASES *,*,*,<think>#Newline<set name="answr"><star/></set>#Newline<set name="topic">DBQ2</set>#Newline</think>#Newline<srai>DBQ2</srai>,databases.aiml
0,DBQ2,*,DBQ2,<think>#Newline<get name="answr"/>#Newline<set name="message">no match</set>#Newline<condition name="answr">#Newline#Newline<li value="STOP"><set name="message">stop</set></li>#Newline#Newline<li value="ALLDATA"><set name="message">alldata</set></li>#Newline<li value="* ALLDATA"><set name="message">alldata</set></li>#Newline<li value="ALLDATA *"><set name="message">alldata</set></li>#Newline<li value="* ALLDATA *"><set name="message">alldata</set></li>#Newline#Newline#Newline<li value="ALL DATA"><set name="message">alldata</set></li>#Newline<li value="* ALL DATA"><set name="message">alldata</set></li>#Newline<li value="ALL DATA *"><set name="message">alldata</set></li>#Newline<li value="* ALL DATA *"><set name="message">alldata</set></li>#Newline#Newline<li value="AUTO REPAIR"><set name="message">alldata</set></li>#Newline<li value="* AUTO REPAIR"><set name="message">alldata</set></li>#Newline<li value="AUTO REPAIR *"><set name="message">alldata</set></li>#Newline<li value="* AUTO REPAIR *"><set name="message">alldata</set></li>#Newline#Newline<li value="AUTOMOBILE REPAIR"><set name="message">alldata</set></li>#Newline<li value="* AUTOMOBILE REPAIR"><set name="message">alldata</set></li>#Newline<li value="AUTOMOBILE REPAIR *"><set name="message">alldata</set></li>#Newline<li value="* AUTOMOBILE REPAIR *"><set name="message">alldata</set></li>#Newline#Newline<li value="CAR REPAIR"><set name="message">alldata</set></li>#Newline<li value="* CAR REPAIR"><set name="message">alldata</set></li>#Newline<li value="CAR REPAIR *"><set name="message">alldata</set></li>#Newline<li value="* CAR REPAIR *"><set name="message">alldata</set></li>#Newline#Newline<li value="FIX CAR"><set name="message">alldata</set></li>#Newline<li value="* FIX CAR"><set name="message">alldata</set></li>#Newline<li value="FIX * CAR"><set name="message">alldata</set></li>#Newline<li value="FIX CAR *"><set name="message">alldata</set></li>#Newline<li value="* FIX * CAR"><set name="message">alldata</set></li>#Newline<li value="FIX * CAR *"><set name="message">alldata</set></li>#Newline<li value="* FIX CAR *"><set name="message">alldata</set></li>#Newline<li value="* FIX * CAR *"><set name="message">alldata</set></li>#Newline#Newline<li value="FIX CARS"><set name="message">alldata</set></li>#Newline<li value="* FIX CARS"><set name="message">alldata</set></li>#Newline<li value="FIX * CARS"><set name="message">alldata</set></li>#Newline<li value="FIX CARS *"><set name="message">alldata</set></li>#Newline<li value="* FIX * CARS"><set name="message">alldata</set></li>#Newline<li value="FIX * CARS *"><set name="message">alldata</set></li>#Newline<li value="* FIX CARS *"><set name="message">alldata</set></li>#Newline<li value="* FIX * CARS *"><set name="message">alldata</set></li>#Newline#Newline<li value="FIXING CAR"><set name="message">alldata</set></li>#Newline<li value="* FIXING CAR"><set name="message">alldata</set></li>#Newline<li value="FIXING * CAR"><set name="message">alldata</set></li>#Newline<li value="FIXING CAR *"><set name="message">alldata</set></li>#Newline<li value="* FIXING * CAR"><set name="message">alldata</set></li>#Newline<li value="FIXING * CAR *"><set name="message">alldata</set></li>#Newline<li value="* FIXING CAR *"><set name="message">alldata</set></li>#Newline<li value="* FIXING * CAR *"><set name="message">alldata</set></li>#Newline#Newline<li value="FIXING CARS"><set name="message">alldata</set></li>#Newline<li value="* FIXING CARS"><set name="message">alldata</set></li>#Newline<li value="FIXING * CARS"><set name="message">alldata</set></li>#Newline<li value="FIXING CARS *"><set name="message">alldata</set></li>#Newline<li value="* FIXING * CARS"><set name="message">alldata</set></li>#Newline<li value="FIXING * CARS *"><set name="message">alldata</set></li>#Newline<li value="* FIXING CARS *"><set name="message">alldata</set></li>#Newline<li value="* FIXING * CARS *"><set name="message">alldata</set></li>#Newline#Newline<li value="REPAIRING CAR"><set name="message">alldata</set></li>#Newline<li value="* REPAIRING CAR"><set name="message">alldata</set></li>#Newline<li value="REPAIRING * CAR"><set name="message">alldata</set></li>#Newline<li value="REPAIRING CAR *"><set name="message">alldata</set></li>#Newline<li value="* REPAIRING * CAR"><set name="message">alldata</set></li>#Newline<li value="REPAIRING * CAR *"><set name="message">alldata</set></li>#Newline<li value="* REPAIRING CAR *"><set name="message">alldata</set></li>#Newline<li value="* REPAIRING * CAR *"><set name="message">alldata</set></li>#Newline#Newline<li value="REPAIRING CARS"><set name="message">alldata</set></li>#Newline<li value="* REPAIRING CARS"><set name="message">alldata</set></li>#Newline<li value="REPAIRING * CARS"><set name="message">alldata</set></li>#Newline<li value="REPAIRING CARS *"><set name="message">alldata</set></li>#Newline<li value="* REPAIRING * CARS"><set name="message">alldata</set></li>#Newline<li value="REPAIRING * CARS *"><set name="message">alldata</set></li>#Newline<li value="* REPAIRING CARS *"><set name="message">alldata</set></li>#Newline<li value="* REPAIRING * CARS *"><set name="message">alldata</set></li>#Newline#Newline<li value="ANCESTOR"><set name="message">ancestry</set></li>#Newline<li value="* ANCESTOR"><set name="message">ancestry</set></li>#Newline<li value="ANCESTOR *"><set name="message">ancestry</set></li>#Newline<li value="* ANCESTOR *"><set name="message">ancestry</set></li>#Newline#Newline<li value="ANCESTORS"><set name="message">ancestry</set></li>#Newline<li value="* ANCESTORS"><set name="message">ancestry</set></li>#Newline<li value="ANCESTORS *"><set name="message">ancestry</set></li>#Newline<li value="* ANCESTORS *"><set name="message">ancestry</set></li>#Newline#Newline<li value="ANCESTRY"><set name="message">ancestry</set></li>#Newline<li value="* ANCESTRY"><set name="message">ancestry</set></li>#Newline<li value="ANCESTRY *"><set name="message">ancestry</set></li>#Newline<li value="* ANCESTRY *"><set name="message">ancestry</set></li>#Newline#Newline<li value="ANCESTRY COM"><set name="message">ancestry</set></li>#Newline<li value="* ANCESTRY COM"><set name="message">ancestry</set></li>#Newline<li value="ANCESTRY COM *"><set name="message">ancestry</set></li>#Newline<li value="* ANCESTRY COM *"><set name="message">ancestry</set></li>#Newline#Newline<li value="GENEALOGY"><set name="message">ancestry</set></li>#Newline<li value="* GENEALOGY"><set name="message">ancestry</set></li>#Newline<li value="GENEALOGY *"><set name="message">ancestry</set></li>#Newline<li value="* GENEALOGY *"><set name="message">ancestry</set></li>#Newline#Newline<li value="BOOKFLIX"><set name="message">bookflix</set></li>#Newline<li value="* BOOKFLIX"><set name="message">bookflix</set></li>#Newline<li value="BOOKFLIX *"><set name="message">bookflix</set></li>#Newline<li value="* BOOKFLIX *"><set name="message">bookflix</set></li>#Newline#Newline<li value="BOOK FLIX"><set name="message">bookflix</set></li>#Newline<li value="* BOOK FLIX"><set name="message">bookflix</set></li>#Newline<li value="BOOK FLIX *"><set name="message">bookflix</set></li>#Newline<li value="* BOOK FLIX *"><set name="message">bookflix</set></li>#Newline#Newline<li value="CONSUMER"><set name="message">consumer reports</set></li>#Newline<li value="* CONSUMER"><set name="message">consumer reports</set></li>#Newline<li value="CONSUMER *"><set name="message">consumer reports</set></li>#Newline<li value="* CONSUMER *"><set name="message">consumer reports</set></li>#Newline#Newline<li value="EBSCO"><set name="message">ebsco</set></li>#Newline<li value="* EBSCO"><set name="message">ebsco</set></li>#Newline<li value="EBSCO *"><set name="message">ebsco</set></li>#Newline<li value="* EBSCO *"><set name="message">ebsco</set></li>#Newline#Newline<li value="KNOWITNOW"><set name="message">kin</set></li>#Newline<li value="* KNOWITNOW"><set name="message">kin</set></li>#Newline<li value="KNOWITNOW *"><set name="message">kin</set></li>#Newline<li value="* KNOWITNOW *"><set name="message">kin</set></li>#Newline#Newline<li value="KNOW IT NOW"><set name="message">kin</set></li>#Newline<li value="* KNOW IT NOW"><set name="message">kin</set></li>#Newline<li value="KNOW IT NOW *"><set name="message">kin</set></li>#Newline<li value="* KNOW IT NOW *"><set name="message">kin</set></li>#Newline#Newline<li value="LEGAL FORM"><set name="message">legal forms</set></li>#Newline<li value="* LEGAL FORM"><set name="message">legal forms</set></li>#Newline<li value="LEGAL FORM *"><set name="message">legal forms</set></li>#Newline<li value="* LEGAL FORM *"><set name="message">legal forms</set></li>#Newline#Newline<li value="LEGAL FORMS"><set name="message">legal forms</set></li>#Newline<li value="* LEGAL FORMS"><set name="message">legal forms</set></li>#Newline<li value="LEGAL FORMS *"><set name="message">legal forms</set></li>#Newline<li value="* LEGAL FORMS *"><set name="message">legal forms</set></li>#Newline#Newline<li value="POWER * ATTORNEY"><set name="message">legal forms</set></li>#Newline<li value="* POWER * ATTORNEY"><set name="message">legal forms</set></li>#Newline<li value="POWER * ATTORNEY *"><set name="message">legal forms</set></li>#Newline<li value="* POWER * ATTORNEY *"><set name="message">legal forms</set></li>#Newline#Newline<li value="WILL"><set name="message">legal forms</set></li>#Newline<li value="* WILL"><set name="message">legal forms</set></li>#Newline<li value="WILL *"><set name="message">legal forms</set></li>#Newline<li value="* WILL *"><set name="message">legal forms</set></li>#Newline#Newline<li value="WILLS"><set name="message">legal forms</set></li>#Newline<li value="* WILLS"><set name="message">legal forms</set></li>#Newline<li value="WILLS *"><set name="message">legal forms</set></li>#Newline<li value="* WILLS *"><set name="message">legal forms</set></li>#Newline#Newline<li value="LEARNINGEXPRESSLIBRARY COM"><set name="message">learning express</set></li>#Newline<li value="* LEARNINGEXPRESSLIBRARY COM"><set name="message">learning express</set></li>#Newline<li value="LEARNINGEXPRESSLIBRARY COM *"><set name="message">learning express</set></li>#Newline<li value="* LEARNINGEXPRESSLIBRARY COM *"><set name="message">learning express</set></li>#Newline#Newline<li value="LEARNINGEXPRESSLIBRARY"><set name="message">learning express</set></li>#Newline<li value="* LEARNINGEXPRESSLIBRARY"><set name="message">learning express</set></li>#Newline<li value="LEARNINGEXPRESSLIBRARY *"><set name="message">learning express</set></li>#Newline<li value="* LEARNINGEXPRESSLIBRARY *"><set name="message">learning express</set></li>#Newline#Newline<li value="LEARNING EXPRESS"><set name="message">learning express</set></li>#Newline<li value="* LEARNING EXPRESS"><set name="message">learning express</set></li>#Newline<li value="LEARNING EXPRESS *"><set name="message">learning express</set></li>#Newline<li value="* LEARNING EXPRESS *"><set name="message">learning express</set></li>#Newline#Newline<li value="MANGO"><set name="message">mango</set></li>#Newline<li value="* MANGO"><set name="message">mango</set></li>#Newline<li value="MANGO *"><set name="message">mango</set></li>#Newline<li value="* MANGO *"><set name="message">mango</set></li>#Newline#Newline<li value="LANGUAGE"><set name="message">mango</set></li>#Newline<li value="* LANGUAGE"><set name="message">mango</set></li>#Newline<li value="LANGUAGE *"><set name="message">mango</set></li>#Newline<li value="* LANGUAGE *"><set name="message">mango</set></li>#Newline#Newline<li value="LANGUAGES"><set name="message">mango</set></li>#Newline<li value="* LANGUAGES"><set name="message">mango</set></li>#Newline<li value="LANGUAGES *"><set name="message">mango</set></li>#Newline<li value="* LANGUAGES *"><set name="message">mango</set></li>#Newline#Newline<li value="ROSETTA"><set name="message">mango</set></li>#Newline<li value="* ROSETTA"><set name="message">mango</set></li>#Newline<li value="ROSETTA *"><set name="message">mango</set></li>#Newline<li value="* ROSETTA *"><set name="message">mango</set></li>#Newline#Newline<li value="NEWS"><set name="message">newsbank</set></li>#Newline<li value="* NEWS"><set name="message">newsbank</set></li>#Newline<li value="NEWS *"><set name="message">newsbank</set></li>#Newline<li value="* NEWS *"><set name="message">newsbank</set></li>#Newline#Newline<li value="NEWSPAPER"><set name="message">newsbank</set></li>#Newline<li value="* NEWSPAPER"><set name="message">newsbank</set></li>#Newline<li value="NEWSPAPER *"><set name="message">newsbank</set></li>#Newline<li value="* NEWSPAPER *"><set name="message">newsbank</set></li>#Newline#Newline<li value="NEWSPAPERS"><set name="message">newsbank</set></li>#Newline<li value="* NEWSPAPERS"><set name="message">newsbank</set></li>#Newline<li value="NEWSPAPERS *"><set name="message">newsbank</set></li>#Newline<li value="* NEWSPAPERS *"><set name="message">newsbank</set></li>#Newline#Newline<li value="PAPER"><set name="message">newsbank</set></li>#Newline<li value="* PAPER"><set name="message">newsbank</set></li>#Newline<li value="PAPER *"><set name="message">newsbank</set></li>#Newline<li value="* PAPER *"><set name="message">newsbank</set></li>#Newline#Newline<li value="PAPERS"><set name="message">newsbank</set></li>#Newline<li value="* PAPERS"><set name="message">newsbank</set></li>#Newline<li value="PAPERS *"><set name="message">newsbank</set></li>#Newline<li value="* PAPERS *"><set name="message">newsbank</set></li>#Newline#Newline<li value="GOOD BOOK"><set name="message">novelist</set></li>#Newline<li value="* GOOD BOOK"><set name="message">novelist</set></li>#Newline<li value="GOOD * BOOK"><set name="message">novelist</set></li>#Newline<li value="GOOD BOOK *"><set name="message">novelist</set></li>#Newline<li value="* GOOD * BOOK"><set name="message">novelist</set></li>#Newline<li value="GOOD * BOOK *"><set name="message">novelist</set></li>#Newline<li value="* GOOD BOOK *"><set name="message">novelist</set></li>#Newline<li value="* GOOD * BOOK *"><set name="message">novelist</set></li>#Newline#Newline<li value="GOOD BOOKS"><set name="message">novelist</set></li>#Newline<li value="* GOOD BOOKS"><set name="message">novelist</set></li>#Newline<li value="GOOD * BOOKS"><set name="message">novelist</set></li>#Newline<li value="GOOD BOOKS *"><set name="message">novelist</set></li>#Newline<li value="* GOOD * BOOKS"><set name="message">novelist</set></li>#Newline<li value="GOOD * BOOKS *"><set name="message">novelist</set></li>#Newline<li value="* GOOD BOOKS *"><set name="message">novelist</set></li>#Newline<li value="* GOOD * BOOKS *"><set name="message">novelist</set></li>#Newline#Newline#Newline<li value="READER ADVISORY"><set name="message">novelist</set></li>#Newline<li value="* READER ADVISORY"><set name="message">novelist</set></li>#Newline<li value="READER * ADVISORY"><set name="message">novelist</set></li>#Newline<li value="READER ADVISORY *"><set name="message">novelist</set></li>#Newline<li value="* READER * ADVISORY"><set name="message">novelist</set></li>#Newline<li value="READER * ADVISORY *"><set name="message">novelist</set></li>#Newline<li value="* READER ADVISORY *"><set name="message">novelist</set></li>#Newline<li value="* READER * ADVISORY *"><set name="message">novelist</set></li>#Newline#Newline<li value="READER ADVISORIES"><set name="message">novelist</set></li>#Newline<li value="* READER ADVISORIES"><set name="message">novelist</set></li>#Newline<li value="READER * ADVISORIES"><set name="message">novelist</set></li>#Newline<li value="READER ADVISORIES *"><set name="message">novelist</set></li>#Newline<li value="* READER * ADVISORIES"><set name="message">novelist</set></li>#Newline<li value="READER * ADVISORIES *"><set name="message">novelist</set></li>#Newline<li value="* READER ADVISORIES *"><set name="message">novelist</set></li>#Newline<li value="* READER * ADVISORIES *"><set name="message">novelist</set></li>#Newline#Newline<li value="READERS ADVISORY"><set name="message">novelist</set></li>#Newline<li value="* READERS ADVISORY"><set name="message">novelist</set></li>#Newline<li value="READERS * ADVISORY"><set name="message">novelist</set></li>#Newline<li value="READERS ADVISORY *"><set name="message">novelist</set></li>#Newline<li value="* READERS * ADVISORY"><set name="message">novelist</set></li>#Newline<li value="READERS * ADVISORY *"><set name="message">novelist</set></li>#Newline<li value="* READERS ADVISORY *"><set name="message">novelist</set></li>#Newline<li value="* READERS * ADVISORY *"><set name="message">novelist</set></li>#Newline#Newline<li value="READERS ADVISORIES"><set name="message">novelist</set></li>#Newline<li value="* READERS ADVISORIES"><set name="message">novelist</set></li>#Newline<li value="READERS * ADVISORIES"><set name="message">novelist</set></li>#Newline<li value="READERS ADVISORIES *"><set name="message">novelist</set></li>#Newline<li value="* READERS * ADVISORIES"><set name="message">novelist</set></li>#Newline<li value="READERS * ADVISORIES *"><set name="message">novelist</set></li>#Newline<li value="* READERS ADVISORIES *"><set name="message">novelist</set></li>#Newline<li value="* READERS * ADVISORIES *"><set name="message">novelist</set></li>#Newline#Newline<li value="READER S ADVISORY"><set name="message">novelist</set></li>#Newline<li value="* READER S ADVISORY"><set name="message">novelist</set></li>#Newline<li value="READER S * ADVISORY"><set name="message">novelist</set></li>#Newline<li value="READER S ADVISORY *"><set name="message">novelist</set></li>#Newline<li value="* READER S * ADVISORY"><set name="message">novelist</set></li>#Newline<li value="READER S * ADVISORY *"><set name="message">novelist</set></li>#Newline<li value="* READER S ADVISORY *"><set name="message">novelist</set></li>#Newline<li value="* READER S * ADVISORY *"><set name="message">novelist</set></li>#Newline#Newline<li value="READER S ADVISORIES"><set name="message">novelist</set></li>#Newline<li value="* READER S ADVISORIES"><set name="message">novelist</set></li>#Newline<li value="READER S * ADVISORIES"><set name="message">novelist</set></li>#Newline<li value="READER S ADVISORIES *"><set name="message">novelist</set></li>#Newline<li value="* READER S * ADVISORIES"><set name="message">novelist</set></li>#Newline<li value="READER S * ADVISORIES *"><set name="message">novelist</set></li>#Newline<li value="* READER S ADVISORIES *"><set name="message">novelist</set></li>#Newline<li value="* READER S * ADVISORIES *"><set name="message">novelist</set></li>#Newline#Newline<li value="RECOMMENDATION BOOK"><set name="message">novelist</set></li>#Newline<li value="* RECOMMENDATION BOOK"><set name="message">novelist</set></li>#Newline<li value="RECOMMENDATION * BOOK"><set name="message">novelist</set></li>#Newline<li value="RECOMMENDATION BOOK *"><set name="message">novelist</set></li>#Newline<li value="* RECOMMENDATION * BOOK"><set name="message">novelist</set></li>#Newline<li value="RECOMMENDATION * BOOK *"><set name="message">novelist</set></li>#Newline<li value="* RECOMMENDATION BOOK *"><set name="message">novelist</set></li>#Newline<li value="* RECOMMENDATION * BOOK *"><set name="message">novelist</set></li>#Newline#Newline<li value="RECOMMENDATION BOOKS"><set name="message">novelist</set></li>#Newline<li value="* RECOMMENDATION BOOKS"><set name="message">novelist</set></li>#Newline<li value="RECOMMENDATION * BOOKS"><set name="message">novelist</set></li>#Newline<li value="RECOMMENDATION BOOKS *"><set name="message">novelist</set></li>#Newline<li value="* RECOMMENDATION * BOOKS"><set name="message">novelist</set></li>#Newline<li value="RECOMMENDATION * BOOKS *"><set name="message">novelist</set></li>#Newline<li value="* RECOMMENDATION BOOKS *"><set name="message">novelist</set></li>#Newline<li value="* RECOMMENDATION * BOOKS *"><set name="message">novelist</set></li>#Newline#Newline<li value="RECOMMEND BOOK"><set name="message">novelist</set></li>#Newline<li value="* RECOMMEND BOOK"><set name="message">novelist</set></li>#Newline<li value="RECOMMEND * BOOK"><set name="message">novelist</set></li>#Newline<li value="RECOMMEND BOOK *"><set name="message">novelist</set></li>#Newline<li value="* RECOMMEND * BOOK"><set name="message">novelist</set></li>#Newline<li value="RECOMMEND * BOOK *"><set name="message">novelist</set></li>#Newline<li value="* RECOMMEND BOOK *"><set name="message">novelist</set></li>#Newline<li value="* RECOMMEND * BOOK *"><set name="message">novelist</set></li>#Newline#Newline<li value="RECOMMEND BOOKS"><set name="message">novelist</set></li>#Newline<li value="* RECOMMEND BOOKS"><set name="message">novelist</set></li>#Newline<li value="RECOMMEND * BOOKS"><set name="message">novelist</set></li>#Newline<li value="RECOMMEND BOOKS *"><set name="message">novelist</set></li>#Newline<li value="* RECOMMEND * BOOKS"><set name="message">novelist</set></li>#Newline<li value="RECOMMEND * BOOKS *"><set name="message">novelist</set></li>#Newline<li value="* RECOMMEND BOOKS *"><set name="message">novelist</set></li>#Newline<li value="* RECOMMEND * BOOKS *"><set name="message">novelist</set></li>#Newline#Newline<li value="RECOMMENDED BOOK"><set name="message">novelist</set></li>#Newline<li value="* RECOMMENDED BOOK"><set name="message">novelist</set></li>#Newline<li value="RECOMMENDED * BOOK"><set name="message">novelist</set></li>#Newline<li value="RECOMMENDED BOOK *"><set name="message">novelist</set></li>#Newline<li value="* RECOMMENDED * BOOK"><set name="message">novelist</set></li>#Newline<li value="RECOMMENDED * BOOK *"><set name="message">novelist</set></li>#Newline<li value="* RECOMMENDED BOOK *"><set name="message">novelist</set></li>#Newline<li value="* RECOMMENDED * BOOK *"><set name="message">novelist</set></li>#Newline#Newline<li value="RECOMMENDED BOOKS"><set name="message">novelist</set></li>#Newline<li value="* RECOMMENDED BOOKS"><set name="message">novelist</set></li>#Newline<li value="RECOMMENDED * BOOKS"><set name="message">novelist</set></li>#Newline<li value="RECOMMENDED BOOKS *"><set name="message">novelist</set></li>#Newline<li value="* RECOMMENDED * BOOKS"><set name="message">novelist</set></li>#Newline<li value="RECOMMENDED * BOOKS *"><set name="message">novelist</set></li>#Newline<li value="* RECOMMENDED BOOKS *"><set name="message">novelist</set></li>#Newline<li value="* RECOMMENDED * BOOKS *"><set name="message">novelist</set></li>#Newline#Newline<li value="RECOMMENDING BOOK"><set name="message">novelist</set></li>#Newline<li value="* RECOMMENDING BOOK"><set name="message">novelist</set></li>#Newline<li value="RECOMMENDING * BOOK"><set name="message">novelist</set></li>#Newline<li value="RECOMMENDING BOOK *"><set name="message">novelist</set></li>#Newline<li value="* RECOMMENDING * BOOK"><set name="message">novelist</set></li>#Newline<li value="RECOMMENDING * BOOK *"><set name="message">novelist</set></li>#Newline<li value="* RECOMMENDING BOOK *"><set name="message">novelist</set></li>#Newline<li value="* RECOMMENDING * BOOK *"><set name="message">novelist</set></li>#Newline#Newline<li value="RECOMMENDING BOOKS"><set name="message">novelist</set></li>#Newline<li value="* RECOMMENDING BOOKS"><set name="message">novelist</set></li>#Newline<li value="RECOMMENDING * BOOKS"><set name="message">novelist</set></li>#Newline<li value="RECOMMENDING BOOKS *"><set name="message">novelist</set></li>#Newline<li value="* RECOMMENDING * BOOKS"><set name="message">novelist</set></li>#Newline<li value="RECOMMENDING * BOOKS *"><set name="message">novelist</set></li>#Newline<li value="* RECOMMENDING BOOKS *"><set name="message">novelist</set></li>#Newline<li value="* RECOMMENDING * BOOKS *"><set name="message">novelist</set></li>#Newline#Newline<li value="SUGGEST BOOK"><set name="message">novelist</set></li>#Newline<li value="* SUGGEST BOOK"><set name="message">novelist</set></li>#Newline<li value="SUGGEST * BOOK"><set name="message">novelist</set></li>#Newline<li value="SUGGEST BOOK *"><set name="message">novelist</set></li>#Newline<li value="* SUGGEST * BOOK"><set name="message">novelist</set></li>#Newline<li value="SUGGEST * BOOK *"><set name="message">novelist</set></li>#Newline<li value="* SUGGEST BOOK *"><set name="message">novelist</set></li>#Newline<li value="* SUGGEST * BOOK *"><set name="message">novelist</set></li>#Newline#Newline<li value="SUGGEST BOOKS"><set name="message">novelist</set></li>#Newline<li value="* SUGGEST BOOKS"><set name="message">novelist</set></li>#Newline<li value="SUGGEST * BOOKS"><set name="message">novelist</set></li>#Newline<li value="SUGGEST BOOKS *"><set name="message">novelist</set></li>#Newline<li value="* SUGGEST * BOOKS"><set name="message">novelist</set></li>#Newline<li value="SUGGEST * BOOKS *"><set name="message">novelist</set></li>#Newline<li value="* SUGGEST BOOKS *"><set name="message">novelist</set></li>#Newline<li value="* SUGGEST * BOOKS *"><set name="message">novelist</set></li>#Newline#Newline<li value="SUGGESTED BOOK"><set name="message">novelist</set></li>#Newline<li value="* SUGGESTED BOOK"><set name="message">novelist</set></li>#Newline<li value="SUGGESTED * BOOK"><set name="message">novelist</set></li>#Newline<li value="SUGGESTED BOOK *"><set name="message">novelist</set></li>#Newline<li value="* SUGGESTED * BOOK"><set name="message">novelist</set></li>#Newline<li value="SUGGESTED * BOOK *"><set name="message">novelist</set></li>#Newline<li value="* SUGGESTED BOOK *"><set name="message">novelist</set></li>#Newline<li value="* SUGGESTED * BOOK *"><set name="message">novelist</set></li>#Newline#Newline<li value="SUGGESTED BOOKS"><set name="message">novelist</set></li>#Newline<li value="* SUGGESTED BOOKS"><set name="message">novelist</set></li>#Newline<li value="SUGGESTED * BOOKS"><set name="message">novelist</set></li>#Newline<li value="SUGGESTED BOOKS *"><set name="message">novelist</set></li>#Newline<li value="* SUGGESTED * BOOKS"><set name="message">novelist</set></li>#Newline<li value="SUGGESTED * BOOKS *"><set name="message">novelist</set></li>#Newline<li value="* SUGGESTED BOOKS *"><set name="message">novelist</set></li>#Newline<li value="* SUGGESTED * BOOKS *"><set name="message">novelist</set></li>#Newline#Newline<li value="SUGGESTION BOOK"><set name="message">novelist</set></li>#Newline<li value="* SUGGESTION BOOK"><set name="message">novelist</set></li>#Newline<li value="SUGGESTION * BOOK"><set name="message">novelist</set></li>#Newline<li value="SUGGESTION BOOK *"><set name="message">novelist</set></li>#Newline<li value="* SUGGESTION * BOOK"><set name="message">novelist</set></li>#Newline<li value="SUGGESTION * BOOK *"><set name="message">novelist</set></li>#Newline<li value="* SUGGESTION BOOK *"><set name="message">novelist</set></li>#Newline<li value="* SUGGESTION * BOOK *"><set name="message">novelist</set></li>#Newline#Newline<li value="SUGGESTION BOOKS"><set name="message">novelist</set></li>#Newline<li value="* SUGGESTION BOOKS"><set name="message">novelist</set></li>#Newline<li value="SUGGESTION * BOOKS"><set name="message">novelist</set></li>#Newline<li value="SUGGESTION BOOKS *"><set name="message">novelist</set></li>#Newline<li value="* SUGGESTION * BOOKS"><set name="message">novelist</set></li>#Newline<li value="SUGGESTION * BOOKS *"><set name="message">novelist</set></li>#Newline<li value="* SUGGESTION BOOKS *"><set name="message">novelist</set></li>#Newline<li value="* SUGGESTION * BOOKS *"><set name="message">novelist</set></li>#Newline#Newline<li value="SUGGESTIONS BOOK"><set name="message">novelist</set></li>#Newline<li value="* SUGGESTIONS BOOK"><set name="message">novelist</set></li>#Newline<li value="SUGGESTIONS * BOOK"><set name="message">novelist</set></li>#Newline<li value="SUGGESTIONS BOOK *"><set name="message">novelist</set></li>#Newline<li value="* SUGGESTIONS * BOOK"><set name="message">novelist</set></li>#Newline<li value="SUGGESTIONS * BOOK *"><set name="message">novelist</set></li>#Newline<li value="* SUGGESTIONS BOOK *"><set name="message">novelist</set></li>#Newline<li value="* SUGGESTIONS * BOOK *"><set name="message">novelist</set></li>#Newline#Newline<li value="SUGGESTIONS BOOKS"><set name="message">novelist</set></li>#Newline<li value="* SUGGESTIONS BOOKS"><set name="message">novelist</set></li>#Newline<li value="SUGGESTIONS * BOOKS"><set name="message">novelist</set></li>#Newline<li value="SUGGESTIONS BOOKS *"><set name="message">novelist</set></li>#Newline<li value="* SUGGESTIONS * BOOKS"><set name="message">novelist</set></li>#Newline<li value="SUGGESTIONS * BOOKS *"><set name="message">novelist</set></li>#Newline<li value="* SUGGESTIONS BOOKS *"><set name="message">novelist</set></li>#Newline<li value="* SUGGESTIONS * BOOKS *"><set name="message">novelist</set></li>#Newline#Newline<li value="BOOK RECOMMENDATION"><set name="message">novelist</set></li>#Newline<li value="* BOOK RECOMMENDATION"><set name="message">novelist</set></li>#Newline<li value="BOOK * RECOMMENDATION"><set name="message">novelist</set></li>#Newline<li value="BOOK RECOMMENDATION *"><set name="message">novelist</set></li>#Newline<li value="* BOOK * RECOMMENDATION"><set name="message">novelist</set></li>#Newline<li value="BOOK * RECOMMENDATION *"><set name="message">novelist</set></li>#Newline<li value="* BOOK RECOMMENDATION *"><set name="message">novelist</set></li>#Newline<li value="* BOOK * RECOMMENDATION *"><set name="message">novelist</set></li>#Newline#Newline<li value="BOOK RECOMMENDATIONS"><set name="message">novelist</set></li>#Newline<li value="* BOOK RECOMMENDATIONS"><set name="message">novelist</set></li>#Newline<li value="BOOK * RECOMMENDATIONS"><set name="message">novelist</set></li>#Newline<li value="BOOK RECOMMENDATIONS *"><set name="message">novelist</set></li>#Newline<li value="* BOOK * RECOMMENDATIONS"><set name="message">novelist</set></li>#Newline<li value="BOOK * RECOMMENDATIONS *"><set name="message">novelist</set></li>#Newline<li value="* BOOK RECOMMENDATIONS *"><set name="message">novelist</set></li>#Newline<li value="* BOOK * RECOMMENDATIONS *"><set name="message">novelist</set></li>#Newline#Newline<li value="BOOK SUGGESTION"><set name="message">novelist</set></li>#Newline<li value="* BOOK SUGGESTION"><set name="message">novelist</set></li>#Newline<li value="BOOK * SUGGESTION"><set name="message">novelist</set></li>#Newline<li value="BOOK SUGGESTION *"><set name="message">novelist</set></li>#Newline<li value="* BOOK * SUGGESTION"><set name="message">novelist</set></li>#Newline<li value="BOOK * SUGGESTION *"><set name="message">novelist</set></li>#Newline<li value="* BOOK SUGGESTION *"><set name="message">novelist</set></li>#Newline<li value="* BOOK * SUGGESTION *"><set name="message">novelist</set></li>#Newline#Newline<li value="BOOK SUGGESTIONS"><set name="message">novelist</set></li>#Newline<li value="* BOOK SUGGESTIONS"><set name="message">novelist</set></li>#Newline<li value="BOOK * SUGGESTIONS"><set name="message">novelist</set></li>#Newline<li value="BOOK SUGGESTIONS *"><set name="message">novelist</set></li>#Newline<li value="* BOOK * SUGGESTIONS"><set name="message">novelist</set></li>#Newline<li value="BOOK * SUGGESTIONS *"><set name="message">novelist</set></li>#Newline<li value="* BOOK SUGGESTIONS *"><set name="message">novelist</set></li>#Newline<li value="* BOOK * SUGGESTIONS *"><set name="message">novelist</set></li>#Newline#Newline<li value="NOVELIST"><set name="message">novelist</set></li>#Newline<li value="* NOVELIST"><set name="message">novelist</set></li>#Newline<li value="NOVELIST *"><set name="message">novelist</set></li>#Newline<li value="* NOVELIST *"><set name="message">novelist</set></li>#Newline#Newline<li value="RECOMMENDATION READ"><set name="message">novelist</set></li>#Newline<li value="* RECOMMENDATION READ"><set name="message">novelist</set></li>#Newline<li value="RECOMMENDATION * READ"><set name="message">novelist</set></li>#Newline<li value="RECOMMENDATION READ *"><set name="message">novelist</set></li>#Newline<li value="* RECOMMENDATION * READ"><set name="message">novelist</set></li>#Newline<li value="RECOMMENDATION * READ *"><set name="message">novelist</set></li>#Newline<li value="* RECOMMENDATION READ *"><set name="message">novelist</set></li>#Newline<li value="* RECOMMENDATION * READ *"><set name="message">novelist</set></li>#Newline#Newline<li value="RECOMMEND READ"><set name="message">novelist</set></li>#Newline<li value="* RECOMMEND READ"><set name="message">novelist</set></li>#Newline<li value="RECOMMEND * READ"><set name="message">novelist</set></li>#Newline<li value="RECOMMEND READ *"><set name="message">novelist</set></li>#Newline<li value="* RECOMMEND * READ"><set name="message">novelist</set></li>#Newline<li value="RECOMMEND * READ *"><set name="message">novelist</set></li>#Newline<li value="* RECOMMEND READ *"><set name="message">novelist</set></li>#Newline<li value="* RECOMMEND * READ *"><set name="message">novelist</set></li>#Newline#Newline<li value="RECOMMENDED READ"><set name="message">novelist</set></li>#Newline<li value="* RECOMMENDED READ"><set name="message">novelist</set></li>#Newline<li value="RECOMMENDED * READ"><set name="message">novelist</set></li>#Newline<li value="RECOMMENDED READ *"><set name="message">novelist</set></li>#Newline<li value="* RECOMMENDED * READ"><set name="message">novelist</set></li>#Newline<li value="RECOMMENDED * READ *"><set name="message">novelist</set></li>#Newline<li value="* RECOMMENDED READ *"><set name="message">novelist</set></li>#Newline<li value="* RECOMMENDED * READ *"><set name="message">novelist</set></li>#Newline#Newline<li value="RECOMMENDING READ"><set name="message">novelist</set></li>#Newline<li value="* RECOMMENDING READ"><set name="message">novelist</set></li>#Newline<li value="RECOMMENDING * READ"><set name="message">novelist</set></li>#Newline<li value="RECOMMENDING READ *"><set name="message">novelist</set></li>#Newline<li value="* RECOMMENDING * READ"><set name="message">novelist</set></li>#Newline<li value="RECOMMENDING * READ *"><set name="message">novelist</set></li>#Newline<li value="* RECOMMENDING READ *"><set name="message">novelist</set></li>#Newline<li value="* RECOMMENDING * READ *"><set name="message">novelist</set></li>#Newline#Newline<li value="SUGGEST READ"><set name="message">novelist</set></li>#Newline<li value="* SUGGEST READ"><set name="message">novelist</set></li>#Newline<li value="SUGGEST * READ"><set name="message">novelist</set></li>#Newline<li value="SUGGEST READ *"><set name="message">novelist</set></li>#Newline<li value="* SUGGEST * READ"><set name="message">novelist</set></li>#Newline<li value="SUGGEST * READ *"><set name="message">novelist</set></li>#Newline<li value="* SUGGEST READ *"><set name="message">novelist</set></li>#Newline<li value="* SUGGEST * READ *"><set name="message">novelist</set></li>#Newline#Newline<li value="SUGGESTED READ"><set name="message">novelist</set></li>#Newline<li value="* SUGGESTED READ"><set name="message">novelist</set></li>#Newline<li value="SUGGESTED * READ"><set name="message">novelist</set></li>#Newline<li value="SUGGESTED READ *"><set name="message">novelist</set></li>#Newline<li value="* SUGGESTED * READ"><set name="message">novelist</set></li>#Newline<li value="SUGGESTED * READ *"><set name="message">novelist</set></li>#Newline<li value="* SUGGESTED READ *"><set name="message">novelist</set></li>#Newline<li value="* SUGGESTED * READ *"><set name="message">novelist</set></li>#Newline#Newline<li value="SUGGESTION READ"><set name="message">novelist</set></li>#Newline<li value="* SUGGESTION READ"><set name="message">novelist</set></li>#Newline<li value="SUGGESTION * READ"><set name="message">novelist</set></li>#Newline<li value="SUGGESTION READ *"><set name="message">novelist</set></li>#Newline<li value="* SUGGESTION * READ"><set name="message">novelist</set></li>#Newline<li value="SUGGESTION * READ *"><set name="message">novelist</set></li>#Newline<li value="* SUGGESTION READ *"><set name="message">novelist</set></li>#Newline<li value="* SUGGESTION * READ *"><set name="message">novelist</set></li>#Newline#Newline<li value="SUGGESTIONS READ"><set name="message">novelist</set></li>#Newline<li value="* SUGGESTIONS READ"><set name="message">novelist</set></li>#Newline<li value="SUGGESTIONS * READ"><set name="message">novelist</set></li>#Newline<li value="SUGGESTIONS READ *"><set name="message">novelist</set></li>#Newline<li value="* SUGGESTIONS * READ"><set name="message">novelist</set></li>#Newline<li value="SUGGESTIONS * READ *"><set name="message">novelist</set></li>#Newline<li value="* SUGGESTIONS READ *"><set name="message">novelist</set></li>#Newline<li value="* SUGGESTIONS * READ *"><set name="message">novelist</set></li>#Newline#Newline<li value="READ RECOMMENDATION"><set name="message">novelist</set></li>#Newline<li value="* READ RECOMMENDATION"><set name="message">novelist</set></li>#Newline<li value="READ * RECOMMENDATION"><set name="message">novelist</set></li>#Newline<li value="READ RECOMMENDATION *"><set name="message">novelist</set></li>#Newline<li value="* READ * RECOMMENDATION"><set name="message">novelist</set></li>#Newline<li value="READ * RECOMMENDATION *"><set name="message">novelist</set></li>#Newline<li value="* READ RECOMMENDATION *"><set name="message">novelist</set></li>#Newline<li value="* READ * RECOMMENDATION *"><set name="message">novelist</set></li>#Newline#Newline<li value="READ RECOMMENDATIONS"><set name="message">novelist</set></li>#Newline<li value="* READ RECOMMENDATIONS"><set name="message">novelist</set></li>#Newline<li value="READ * RECOMMENDATIONS"><set name="message">novelist</set></li>#Newline<li value="READ RECOMMENDATIONS *"><set name="message">novelist</set></li>#Newline<li value="* READ * RECOMMENDATIONS"><set name="message">novelist</set></li>#Newline<li value="READ * RECOMMENDATIONS *"><set name="message">novelist</set></li>#Newline<li value="* READ RECOMMENDATIONS *"><set name="message">novelist</set></li>#Newline<li value="* READ * RECOMMENDATIONS *"><set name="message">novelist</set></li>#Newline#Newline<li value="READ SUGGESTION"><set name="message">novelist</set></li>#Newline<li value="* READ SUGGESTION"><set name="message">novelist</set></li>#Newline<li value="READ * SUGGESTION"><set name="message">novelist</set></li>#Newline<li value="READ SUGGESTION *"><set name="message">novelist</set></li>#Newline<li value="* READ * SUGGESTION"><set name="message">novelist</set></li>#Newline<li value="READ * SUGGESTION *"><set name="message">novelist</set></li>#Newline<li value="* READ SUGGESTION *"><set name="message">novelist</set></li>#Newline<li value="* READ * SUGGESTION *"><set name="message">novelist</set></li>#Newline#Newline<li value="READ SUGGESTIONS"><set name="message">novelist</set></li>#Newline<li value="* READ SUGGESTIONS"><set name="message">novelist</set></li>#Newline<li value="READ * SUGGESTIONS"><set name="message">novelist</set></li>#Newline<li value="READ SUGGESTIONS *"><set name="message">novelist</set></li>#Newline<li value="* READ * SUGGESTIONS"><set name="message">novelist</set></li>#Newline<li value="READ * SUGGESTIONS *"><set name="message">novelist</set></li>#Newline<li value="* READ SUGGESTIONS *"><set name="message">novelist</set></li>#Newline<li value="* READ * SUGGESTIONS *"><set name="message">novelist</set></li>#Newline#Newline<li value="RECOMMENDATION READING"><set name="message">novelist</set></li>#Newline<li value="* RECOMMENDATION READING"><set name="message">novelist</set></li>#Newline<li value="RECOMMENDATION * READING"><set name="message">novelist</set></li>#Newline<li value="RECOMMENDATION READING *"><set name="message">novelist</set></li>#Newline<li value="* RECOMMENDATION * READING"><set name="message">novelist</set></li>#Newline<li value="RECOMMENDATION * READING *"><set name="message">novelist</set></li>#Newline<li value="* RECOMMENDATION READING *"><set name="message">novelist</set></li>#Newline<li value="* RECOMMENDATION * READING *"><set name="message">novelist</set></li>#Newline#Newline<li value="RECOMMEND READING"><set name="message">novelist</set></li>#Newline<li value="* RECOMMEND READING"><set name="message">novelist</set></li>#Newline<li value="RECOMMEND * READING"><set name="message">novelist</set></li>#Newline<li value="RECOMMEND READING *"><set name="message">novelist</set></li>#Newline<li value="* RECOMMEND * READING"><set name="message">novelist</set></li>#Newline<li value="RECOMMEND * READING *"><set name="message">novelist</set></li>#Newline<li value="* RECOMMEND READING *"><set name="message">novelist</set></li>#Newline<li value="* RECOMMEND * READING *"><set name="message">novelist</set></li>#Newline#Newline<li value="RECOMMENDED READING"><set name="message">novelist</set></li>#Newline<li value="* RECOMMENDED READING"><set name="message">novelist</set></li>#Newline<li value="RECOMMENDED * READING"><set name="message">novelist</set></li>#Newline<li value="RECOMMENDED READING *"><set name="message">novelist</set></li>#Newline<li value="* RECOMMENDED * READING"><set name="message">novelist</set></li>#Newline<li value="RECOMMENDED * READING *"><set name="message">novelist</set></li>#Newline<li value="* RECOMMENDED READING *"><set name="message">novelist</set></li>#Newline<li value="* RECOMMENDED * READING *"><set name="message">novelist</set></li>#Newline#Newline<li value="RECOMMENDING READING"><set name="message">novelist</set></li>#Newline<li value="* RECOMMENDING READING"><set name="message">novelist</set></li>#Newline<li value="RECOMMENDING * READING"><set name="message">novelist</set></li>#Newline<li value="RECOMMENDING READING *"><set name="message">novelist</set></li>#Newline<li value="* RECOMMENDING * READING"><set name="message">novelist</set></li>#Newline<li value="RECOMMENDING * READING *"><set name="message">novelist</set></li>#Newline<li value="* RECOMMENDING READING *"><set name="message">novelist</set></li>#Newline<li value="* RECOMMENDING * READING *"><set name="message">novelist</set></li>#Newline#Newline<li value="SUGGEST READING"><set name="message">novelist</set></li>#Newline<li value="* SUGGEST READING"><set name="message">novelist</set></li>#Newline<li value="SUGGEST * READING"><set name="message">novelist</set></li>#Newline<li value="SUGGEST READING *"><set name="message">novelist</set></li>#Newline<li value="* SUGGEST * READING"><set name="message">novelist</set></li>#Newline<li value="SUGGEST * READING *"><set name="message">novelist</set></li>#Newline<li value="* SUGGEST READING *"><set name="message">novelist</set></li>#Newline<li value="* SUGGEST * READING *"><set name="message">novelist</set></li>#Newline#Newline<li value="SUGGESTED READING"><set name="message">novelist</set></li>#Newline<li value="* SUGGESTED READING"><set name="message">novelist</set></li>#Newline<li value="SUGGESTED * READING"><set name="message">novelist</set></li>#Newline<li value="SUGGESTED READING *"><set name="message">novelist</set></li>#Newline<li value="* SUGGESTED * READING"><set name="message">novelist</set></li>#Newline<li value="SUGGESTED * READING *"><set name="message">novelist</set></li>#Newline<li value="* SUGGESTED READING *"><set name="message">novelist</set></li>#Newline<li value="* SUGGESTED * READING *"><set name="message">novelist</set></li>#Newline#Newline<li value="SUGGESTION READING"><set name="message">novelist</set></li>#Newline<li value="* SUGGESTION READING"><set name="message">novelist</set></li>#Newline<li value="SUGGESTION * READING"><set name="message">novelist</set></li>#Newline<li value="SUGGESTION READING *"><set name="message">novelist</set></li>#Newline<li value="* SUGGESTION * READING"><set name="message">novelist</set></li>#Newline<li value="SUGGESTION * READING *"><set name="message">novelist</set></li>#Newline<li value="* SUGGESTION READING *"><set name="message">novelist</set></li>#Newline<li value="* SUGGESTION * READING *"><set name="message">novelist</set></li>#Newline#Newline<li value="SUGGESTIONS READING"><set name="message">novelist</set></li>#Newline<li value="* SUGGESTIONS READING"><set name="message">novelist</set></li>#Newline<li value="SUGGESTIONS * READING"><set name="message">novelist</set></li>#Newline<li value="SUGGESTIONS READING *"><set name="message">novelist</set></li>#Newline<li value="* SUGGESTIONS * READING"><set name="message">novelist</set></li>#Newline<li value="SUGGESTIONS * READING *"><set name="message">novelist</set></li>#Newline<li value="* SUGGESTIONS READING *"><set name="message">novelist</set></li>#Newline<li value="* SUGGESTIONS * READING *"><set name="message">novelist</set></li>#Newline#Newline<li value="READING RECOMMENDATION"><set name="message">novelist</set></li>#Newline<li value="* READING RECOMMENDATION"><set name="message">novelist</set></li>#Newline<li value="READING * RECOMMENDATION"><set name="message">novelist</set></li>#Newline<li value="READING RECOMMENDATION *"><set name="message">novelist</set></li>#Newline<li value="* READING * RECOMMENDATION"><set name="message">novelist</set></li>#Newline<li value="READING * RECOMMENDATION *"><set name="message">novelist</set></li>#Newline<li value="* READING RECOMMENDATION *"><set name="message">novelist</set></li>#Newline<li value="* READING * RECOMMENDATION *"><set name="message">novelist</set></li>#Newline#Newline<li value="READING RECOMMENDATIONS"><set name="message">novelist</set></li>#Newline<li value="* READING RECOMMENDATIONS"><set name="message">novelist</set></li>#Newline<li value="READING * RECOMMENDATIONS"><set name="message">novelist</set></li>#Newline<li value="READING RECOMMENDATIONS *"><set name="message">novelist</set></li>#Newline<li value="* READING * RECOMMENDATIONS"><set name="message">novelist</set></li>#Newline<li value="READING * RECOMMENDATIONS *"><set name="message">novelist</set></li>#Newline<li value="* READING RECOMMENDATIONS *"><set name="message">novelist</set></li>#Newline<li value="* READING * RECOMMENDATIONS *"><set name="message">novelist</set></li>#Newline#Newline<li value="READING SUGGESTION"><set name="message">novelist</set></li>#Newline<li value="* READING SUGGESTION"><set name="message">novelist</set></li>#Newline<li value="READING * SUGGESTION"><set name="message">novelist</set></li>#Newline<li value="READING SUGGESTION *"><set name="message">novelist</set></li>#Newline<li value="* READING * SUGGESTION"><set name="message">novelist</set></li>#Newline<li value="READING * SUGGESTION *"><set name="message">novelist</set></li>#Newline<li value="* READING SUGGESTION *"><set name="message">novelist</set></li>#Newline<li value="* READING * SUGGESTION *"><set name="message">novelist</set></li>#Newline#Newline<li value="READING SUGGESTIONS"><set name="message">novelist</set></li>#Newline<li value="* READING SUGGESTIONS"><set name="message">novelist</set></li>#Newline<li value="READING * SUGGESTIONS"><set name="message">novelist</set></li>#Newline<li value="READING SUGGESTIONS *"><set name="message">novelist</set></li>#Newline<li value="* READING * SUGGESTIONS"><set name="message">novelist</set></li>#Newline<li value="READING * SUGGESTIONS *"><set name="message">novelist</set></li>#Newline<li value="* READING SUGGESTIONS *"><set name="message">novelist</set></li>#Newline<li value="* READING * SUGGESTIONS *"><set name="message">novelist</set></li>#Newline#Newline<li value="BUSINESS"><set name="message">refusa</set></li>#Newline<li value="* BUSINESS"><set name="message">refusa</set></li>#Newline<li value="BUSINESS *"><set name="message">refusa</set></li>#Newline<li value="* BUSINESS *"><set name="message">refusa</set></li>#Newline#Newline<li value="BUSINESSES"><set name="message">refusa</set></li>#Newline<li value="* BUSINESSES"><set name="message">refusa</set></li>#Newline<li value="BUSINESSES *"><set name="message">refusa</set></li>#Newline<li value="* BUSINESSES *"><set name="message">refusa</set></li>#Newline#Newline<li value="REFUSA"><set name="message">refusa</set></li>#Newline<li value="* REFUSA"><set name="message">refusa</set></li>#Newline<li value="REFUSA *"><set name="message">refusa</set></li>#Newline<li value="* REFUSA *"><set name="message">refusa</set></li>#Newline#Newline<li value="REF USA"><set name="message">refusa</set></li>#Newline<li value="* REF USA"><set name="message">refusa</set></li>#Newline<li value="REF USA *"><set name="message">refusa</set></li>#Newline<li value="* REF USA *"><set name="message">refusa</set></li>#Newline#Newline<li value="REFERENCE USA"><set name="message">refusa</set></li>#Newline<li value="* REFERENCE USA"><set name="message">refusa</set></li>#Newline<li value="REFERENCE USA *"><set name="message">refusa</set></li>#Newline<li value="* REFERENCE USA *"><set name="message">refusa</set></li>#Newline#Newline<li value="RESEARCH GUIDE"><set name="message">research guides</set></li>#Newline<li value="* RESEARCH GUIDE"><set name="message">research guides</set></li>#Newline<li value="RESEARCH GUIDE *"><set name="message">research guides</set></li>#Newline<li value="* RESEARCH GUIDE *"><set name="message">research guides</set></li>#Newline#Newline<li value="RESEARCH GUIDES"><set name="message">research guides</set></li>#Newline<li value="* RESEARCH GUIDES"><set name="message">research guides</set></li>#Newline<li value="RESEARCH GUIDES *"><set name="message">research guides</set></li>#Newline<li value="* RESEARCH GUIDES *"><set name="message">research guides</set></li>#Newline#Newline<li value="RESEARCH MATERIAL"><set name="message">research material</set></li>#Newline<li value="* RESEARCH MATERIAL"><set name="message">research material</set></li>#Newline<li value="RESEARCH MATERIAL *"><set name="message">research material</set></li>#Newline<li value="* RESEARCH MATERIAL *"><set name="message">research material</set></li>#Newline#Newline<li value="RESEARCH MATERIALS"><set name="message">research material</set></li>#Newline<li value="* RESEARCH MATERIALS"><set name="message">research material</set></li>#Newline<li value="RESEARCH MATERIALS *"><set name="message">research material</set></li>#Newline<li value="* RESEARCH MATERIALS *"><set name="message">research material</set></li>#Newline#Newline<li value="WOLFRAMALPHA"><set name="message">wolfram alpha</set></li>#Newline<li value="* WOLFRAMALPHA"><set name="message">wolfram alpha</set></li>#Newline<li value="WOLFRAMALPHA *"><set name="message">wolfram alpha</set></li>#Newline<li value="* WOLFRAMALPHA *"><set name="message">wolfram alpha</set></li>#Newline#Newline<li value="WOLFRAM ALPHA"><set name="message">wolfram alpha</set></li>#Newline<li value="* WOLFRAM ALPHA"><set name="message">wolfram alpha</set></li>#Newline<li value="WOLFRAM ALPHA *"><set name="message">wolfram alpha</set></li>#Newline<li value="* WOLFRAM ALPHA *"><set name="message">wolfram alpha</set></li>#Newline#Newline</condition>#Newline<think><set name="topic"/></think>#Newline</think>#Newline#Newline<condition name="message">#Newline#Newline<li value="stop"><set name="topic"/>O.K. I'll stop.</li>#Newline#Newline<li value="no match"><srai>NOMATCH</srai></li>#Newline#Newline<li value="alldata"><srai>ALLD</srai></li>#Newline#Newline<li value="ancestry"><srai>ANCEST</srai></li>#Newline#Newline<li value="bookflix"><srai>BKFLX</srai></li>#Newline#Newline<li value="consumer reports"><srai>CONRPTS</srai></li>#Newline#Newline<li value="ebsco"><srai>EBSCO</srai></li>#Newline  #Newline<li value="kin"><srai>KIN</srai></li>#Newline#Newline<li value="legal forms"><srai>LFORMS</srai></li>#Newline  #Newline<li value="learning express"><srai>LRNEXP</srai></li>  #Newline#Newline<li value="mango"><srai>MNGO</srai></li>#Newline#Newline<li value="newsbank"><srai>NEWSBNK</srai></li>#Newline#Newline<li value="novelist"><srai>NOVLST</srai></li>#Newline#Newline<li value="refusa"><srai>REFUSA</srai></li>#Newline#Newline<li value="research guides"><srai>RGUIDES</srai></li>#Newline#Newline<li value="research material"><srai>RMATS</srai></li>#Newline#Newline<li value="wolfram alpha"><srai>WALPH</srai></li>#Newline#Newline</condition>,databases.aiml
