0,FINES,*,*,<srai>FNS</srai>,fines.aiml
0,FINE,*,*,<srai>FNS</srai>,fines.aiml
0,FEE,*,*,<srai>FNS</srai>,fines.aiml
0,FEES,*,*,<srai>FNS</srai>,fines.aiml
0,CHARGE,*,*,<srai>FNS</srai>,fines.aiml
0,CHARGES,*,*,<srai>FNS</srai>,fines.aiml
0,OVER DUE,*,*,<srai>FNS</srai>,fines.aiml
0,OVER DUES,*,*,<srai>FNS</srai>,fines.aiml
0,OVERDUE,*,*,<srai>FNS</srai>,fines.aiml
0,OVERDUES,*,*,<srai>FNS</srai>,fines.aiml
0,FNS,*,*,I'm often asked about fines. #Newline<random>#Newline<li>What would you like to know about fines?</li>#Newline<li>What is your question about overdue charges?</li>#Newline<li>What would you like to know about fines or fees?</li>#Newline</random>#Newline<think>#Newline<set name="topic">0FEES</set>#Newline</think>,fines.aiml
0,_,*,0FEES,<think>#Newline<set name="answr"><star/></set>#Newline<set name="topic">FEES2</set>#Newline</think>#Newline<srai>FEES2</srai>,fines.aiml
0,FINES *,*,*,<think>#Newline<set name="answr"><star/></set>#Newline<set name="topic">FEES2</set>#Newline</think>#Newline<srai>FEES2</srai>,fines.aiml
0,* FINES,*,*,<think>#Newline<set name="answr"><star/></set>#Newline<set name="topic">FEES2</set>#Newline</think>#Newline<srai>FEES2</srai>,fines.aiml
0,* FINES *,*,*,<think>#Newline<set name="answr"><star index="1"/><star index="2"/></set>#Newline<set name="topic">FEES2</set>#Newline</think>#Newline<srai>FEES2</srai>,fines.aiml
0,* FINES * LATE *,*,*,<think>#Newline<set name="answr"><star index="1"/><star index="2"/><star index="3"/></set>#Newline<set name="topic">FEES2</set>#Newline</think>#Newline<srai>FEES2</srai>,fines.aiml
0,* FINES * OVERDUE,*,*,<think>#Newline<set name="answr"><star index="1"/><star index="2"/></set>#Newline<set name="topic">FEES2</set>#Newline</think>#Newline<srai>FEES2</srai>,fines.aiml
0,* FINES * OVERDUE *,*,*,<think>#Newline<set name="answr"><star index="1"/><star index="2"/><star index="3"/></set>#Newline<set name="topic">FEES2</set>#Newline</think>#Newline<srai>FEES2</srai>,fines.aiml
0,* FINE *,*,*,<think>#Newline<set name="answr"><star index="1"/><star index="2"/></set>#Newline<set name="topic">FEES2</set>#Newline</think>#Newline<srai>FEES2</srai>,fines.aiml
0,* FINE * LATE,*,*,<think>#Newline<set name="answr"><star index="1"/><star index="2"/></set>#Newline<set name="topic">FEES2</set>#Newline</think>#Newline<srai>FEES2</srai>,fines.aiml
0,* FINE * LATE *,*,*,<srai>FNS</srai>,fines.aiml
0,* FINE * OVERDUE,*,*,<think>#Newline<set name="answr"><star index="1"/><star index="2"/></set>#Newline<set name="topic">FEES2</set>#Newline</think>#Newline<srai>FEES2</srai>,fines.aiml
0,* FINE * OVERDUE *,*,*,<think>#Newline<set name="answr"><star index="1"/><star index="2"/><star index="3"/></set>#Newline<set name="topic">FEES2</set>#Newline</think>#Newline<srai>FEES2</srai>,fines.aiml
0,* FINE,*,*,<think>#Newline<set name="answr"><star/></set>#Newline<set name="topic">FEES2</set>#Newline</think>#Newline<srai>FEES2</srai>,fines.aiml
0,FEE *,*,*,<think>#Newline<set name="answr"><star/></set>#Newline<set name="topic">FEES2</set>#Newline</think>#Newline<srai>FEES2</srai>,fines.aiml
0,* FEE,*,*,<think>#Newline<set name="answr"><star/></set>#Newline<set name="topic">FEES2</set>#Newline</think>#Newline<srai>FEES2</srai>,fines.aiml
0,* FEE *,*,*,<think>#Newline<set name="answr"><star index="1"/><star index="2"/></set>#Newline<set name="topic">FEES2</set>#Newline</think>#Newline<srai>FEES2</srai>,fines.aiml
0,* FEE * LATE,*,*,<think>#Newline<set name="answr"><star index="1"/><star index="2"/></set>#Newline<set name="topic">FEES2</set>#Newline</think>#Newline<srai>FEES2</srai>,fines.aiml
0,* FEE * LATE *,*,*,<think>#Newline<set name="answr"><star index="1"/><star index="2"/><star index="3"/></set>#Newline<set name="topic">FEES2</set>#Newline</think>#Newline<srai>FEES2</srai>,fines.aiml
0,* FEE * OVERDUE,*,*,<think>#Newline<set name="answr"><star index="1"/><star index="2"/></set>#Newline<set name="topic">FEES2</set>#Newline</think>#Newline<srai>FEES2</srai>,fines.aiml
0,* FEE * OVERDUE *,*,*,<think>#Newline<set name="answr"><star index="1"/><star index="2"/><star index="3"/></set>#Newline<set name="topic">FEES2</set>#Newline</think>#Newline<srai>FEES2</srai>,fines.aiml
0,FEES *,*,*,<think>#Newline<set name="answr"><star/></set>#Newline<set name="topic">FEES2</set>#Newline</think>#Newline<srai>FEES2</srai>,fines.aiml
0,* FEES,*,*,<think>#Newline<set name="answr"><star/></set>#Newline<set name="topic">FEES2</set>#Newline</think>#Newline<srai>FEES2</srai>,fines.aiml
0,* FEES *,*,*,<think>#Newline<set name="answr"><star index="1"/><star index="2"/></set>#Newline<set name="topic">FEES2</set>#Newline</think>#Newline<srai>FEES2</srai>,fines.aiml
0,* FEES * LATE,*,*,<think>#Newline<set name="answr"><star index="1"/><star index="2"/></set>#Newline<set name="topic">FEES2</set>#Newline</think>#Newline<srai>FEES2</srai>,fines.aiml
0,* FEES * LATE *,*,*,<think>#Newline<set name="answr"><star index="1"/><star index="2"/><star index="3"/></set>#Newline<set name="topic">FEES2</set>#Newline</think>#Newline<srai>FEES2</srai>,fines.aiml
0,* FEES * OVERDUE,*,*,<think>#Newline<set name="answr"><star index="1"/><star index="2"/></set>#Newline<set name="topic">FEES2</set>#Newline</think>#Newline<srai>FEES2</srai>,fines.aiml
0,* FEES * OVERDUE *,*,*,<think>#Newline<set name="answr"><star index="1"/><star index="2"/><star index="3"/></set>#Newline<set name="topic">FEES2</set>#Newline</think>#Newline<srai>FEES2</srai>,fines.aiml
0,* CHARGE,*,*,<think>#Newline<set name="answr"><star/></set>#Newline<set name="topic">FEES2</set>#Newline</think>#Newline<srai>FEES2</srai>,fines.aiml
0,CHARGE *,*,*,<think>#Newline<set name="answr"><star/></set>#Newline<set name="topic">FEES2</set>#Newline</think>#Newline<srai>FEES2</srai>,fines.aiml
0,* CHARGE *,*,*,<think>#Newline<set name="answr"><star index="1"/><star index="2"/></set>#Newline<set name="topic">FEES2</set>#Newline</think>#Newline<srai>FEES2</srai>,fines.aiml
0,* CHARGE * LATE,*,*,<think>#Newline<set name="answr"><star index="1"/><star index="2"/></set>#Newline<set name="topic">FEES2</set>#Newline</think>#Newline<srai>FEES2</srai>,fines.aiml
0,* CHARGE * LATE *,*,*,<think>#Newline<set name="answr"><star index="1"/><star index="2"/><star index="3"/></set>#Newline<set name="topic">FEES2</set>#Newline</think>#Newline<srai>FEES2</srai>,fines.aiml
0,* CHARGE * OVERDUE,*,*,<think>#Newline<set name="answr"><star index="1"/><star index="2"/></set>#Newline<set name="topic">FEES2</set>#Newline</think>#Newline<srai>FEES2</srai>,fines.aiml
0,* CHARGE * OVERDUE *,*,*,<think>#Newline<set name="answr"><star index="1"/><star index="2"/><star index="3"/></set>#Newline<set name="topic">FEES2</set>#Newline</think>#Newline<srai>FEES2</srai>,fines.aiml
0,CHARGES *,*,*,<think>#Newline<set name="answr"><star/></set>#Newline<set name="topic">FEES2</set>#Newline</think>#Newline<srai>FEES2</srai>,fines.aiml
0,* CHARGES,*,*,<think>#Newline<set name="answr"><star/></set>#Newline<set name="topic">FEES2</set>#Newline</think>#Newline<srai>FEES2</srai>,fines.aiml
0,* CHARGES *,*,*,<think>#Newline<set name="answr"><star index="1"/><star index="2"/></set>#Newline<set name="topic">FEES2</set>#Newline</think>#Newline<srai>FEES2</srai>,fines.aiml
0,* CHARGES * LATE,*,*,<think>#Newline<set name="answr"><star index="1"/><star index="2"/></set>#Newline<set name="topic">FEES2</set>#Newline</think>#Newline<srai>FEES2</srai>,fines.aiml
0,* CHARGES * LATE *,*,*,<think>#Newline<set name="answr"><star index="1"/><star index="2"/><star index="3"/></set>#Newline<set name="topic">FEES2</set>#Newline</think>#Newline<srai>FEES2</srai>,fines.aiml
0,* CHARGES * OVERDUE,*,*,<think>#Newline<set name="answr"><star index="1"/><star index="2"/></set>#Newline<set name="topic">FEES2</set>#Newline</think>#Newline<srai>FEES2</srai>,fines.aiml
0,* CHARGES * OVERDUE *,*,*,<think>#Newline<set name="answr"><star index="1"/><star index="2"/><star index="3"/></set>#Newline<set name="topic">FEES2</set>#Newline</think>#Newline<srai>FEES2</srai>,fines.aiml
0,* OVER DUE,*,*,<think>#Newline<set name="answr"><star/></set>#Newline<set name="topic">FEES2</set>#Newline</think>#Newline<srai>FEES2</srai>,fines.aiml
0,OVER DUE *,*,*,<think>#Newline<set name="answr"><star/></set>#Newline<set name="topic">FEES2</set>#Newline</think>#Newline<srai>FEES2</srai>,fines.aiml
0,* OVER DUE *,*,*,<think>#Newline<set name="answr"><star index="1"/><star index="2"/></set>#Newline<set name="topic">FEES2</set>#Newline</think>#Newline<srai>FEES2</srai>,fines.aiml
0,* OVER DUES,*,*,<think>#Newline<set name="answr"><star/></set>#Newline<set name="topic">FEES2</set>#Newline</think>#Newline<srai>FEES2</srai>,fines.aiml
0,OVER DUES *,*,*,<think>#Newline<set name="answr"><star/></set>#Newline<set name="topic">FEES2</set>#Newline</think>#Newline<srai>FEES2</srai>,fines.aiml
0,* OVER DUES *,*,*,<think>#Newline<set name="answr"><star index="1"/><star index="2"/></set>#Newline<set name="topic">FEES2</set>#Newline</think>#Newline<srai>FEES2</srai>,fines.aiml
0,* OVERDUE,*,*,<think>#Newline<set name="answr"><star/></set>#Newline<set name="topic">FEES2</set>#Newline</think>#Newline<srai>FEES2</srai>,fines.aiml
0,OVERDUE *,*,*,<think>#Newline<set name="answr"><star/></set>#Newline<set name="topic">FEES2</set>#Newline</think>#Newline<srai>FEES2</srai>,fines.aiml
0,* OVERDUE *,*,*,<think>#Newline<set name="answr"><star index="1"/><star index="2"/></set>#Newline<set name="topic">FEES2</set>#Newline</think>#Newline<srai>FEES2</srai>,fines.aiml
0,* OVERDUES,*,*,<think>#Newline<set name="answr"><star/></set>#Newline<set name="topic">FEES2</set>#Newline</think>#Newline<srai>FEES2</srai>,fines.aiml
0,OVERDUES *,*,*,<think>#Newline<set name="answr"><star/></set>#Newline<set name="topic">FEES2</set>#Newline</think>#Newline<srai>FEES2</srai>,fines.aiml
0,* OVERDUES *,*,*,<think>#Newline<set name="answr"><star index="1"/><star index="2"/></set>#Newline<set name="topic">FEES2</set>#Newline</think>#Newline<srai>FEES2</srai>,fines.aiml
0,FEES2,*,FEES2,<think>#Newline<get name="answr"/>#Newline<set name="message">no match</set>#Newline<condition name="answr">#Newline#Newline<li value="STOP"><set name="message">stop</set></li>#Newline#Newline<li value="BANKRUPT"><set name="message">bankruptcy</set></li>#Newline<li value="* BANKRUPT"><set name="message">bankruptcy</set></li>#Newline<li value="BANKRUPT *"><set name="message">bankruptcy</set></li>#Newline<li value="* BANKRUPT *"><set name="message">bankruptcy</set></li>#Newline#Newline<li value="BANKRUPTCY"><set name="message">bankruptcy</set></li>#Newline<li value="* BANKRUPTCY"><set name="message">bankruptcy</set></li>#Newline<li value="BANKRUPTCY *"><set name="message">bankruptcy</set></li>#Newline<li value="* BANKRUPTCY *"><set name="message">bankruptcy</set></li>#Newline#Newline<li value="CH 7"><set name="message">bankruptcy</set></li>#Newline<li value="* CH 7"><set name="message">bankruptcy</set></li>#Newline<li value="CH 7 *"><set name="message">bankruptcy</set></li>#Newline<li value="* CH 7 *"><set name="message">bankruptcy</set></li>#Newline#Newline<li value="CH SEVEN"><set name="message">bankruptcy</set></li>#Newline<li value="* CH SEVEN"><set name="message">bankruptcy</set></li>#Newline<li value="CH SEVEN *"><set name="message">bankruptcy</set></li>#Newline<li value="* CH SEVEN *"><set name="message">bankruptcy</set></li>#Newline#Newline<li value="CHAPTER 7"><set name="message">bankruptcy</set></li>#Newline<li value="* CHAPTER 7"><set name="message">bankruptcy</set></li>#Newline<li value="CHAPTER 7 *"><set name="message">bankruptcy</set></li>#Newline<li value="* CHAPTER 7 *"><set name="message">bankruptcy</set></li>#Newline#Newline<li value="CHAPTER SEVEN"><set name="message">bankruptcy</set></li>#Newline<li value="* CHAPTER SEVEN"><set name="message">bankruptcy</set></li>#Newline<li value="CHAPTER SEVEN *"><set name="message">bankruptcy</set></li>#Newline<li value="* CHAPTER SEVEN *"><set name="message">bankruptcy</set></li>#Newline#Newline<li value="SENIOR"><set name="message">senior fines</set></li>#Newline<li value="* SENIOR"><set name="message">senior fines</set></li>#Newline<li value="SENIOR *"><set name="message">senior fines</set></li>#Newline<li value="* SENIOR *"><set name="message">senior fines</set></li>#Newline#Newline<li value="SENIORS"><set name="message">senior fines</set></li>#Newline<li value="* SENIORS"><set name="message">senior fines</set></li>#Newline<li value="SENIORS *"><set name="message">senior fines</set></li>#Newline<li value="* SENIORS *"><set name="message">senior fines</set></li>#Newline#Newline<li value="FORGIVE"><set name="message">forgiveness</set></li>#Newline<li value="* FORGIVE"><set name="message">forgiveness</set></li>#Newline<li value="FORGIVE *"><set name="message">forgiveness</set></li>#Newline<li value="* FORGIVE *"><set name="message">forgiveness</set></li>#Newline#Newline<li value="FORGIVENESS"><set name="message">forgiveness</set></li>#Newline<li value="* FORGIVENESS"><set name="message">forgiveness</set></li>#Newline<li value="FORGIVENESS *"><set name="message">forgiveness</set></li>#Newline<li value="* FORGIVENESS *"><set name="message">forgiveness</set></li>#Newline#Newline<li value="FAX"><set name="message">faxing</set></li>#Newline<li value="* FAX"><set name="message">faxing</set></li>#Newline<li value="FAX *"><set name="message">faxing</set></li>#Newline<li value="* FAX *"><set name="message">faxing</set></li>#Newline#Newline<li value="FAXES"><set name="message">faxing</set></li>#Newline<li value="* FAXES"><set name="message">faxing</set></li>#Newline<li value="FAXES *"><set name="message">faxing</set></li>#Newline<li value="* FAXES *"><set name="message">faxing</set></li>#Newline#Newline<li value="FAXING"><set name="message">faxing</set></li>#Newline<li value="* FAXING"><set name="message">faxing</set></li>#Newline<li value="FAXING *"><set name="message">faxing</set></li>#Newline<li value="* FAXING *"><set name="message">faxing</set></li>#Newline#Newline<li value="GRACE"><set name="message">grace</set></li>#Newline<li value="* GRACE"><set name="message">grace</set></li>#Newline<li value="GRACE *"><set name="message">grace</set></li>#Newline<li value="* GRACE *"><set name="message">grace</set></li>#Newline#Newline<li value="AUDIOBOOK"><set name="message">audiobook</set></li>#Newline<li value="* AUDIOBOOK"><set name="message">audiobook</set></li>#Newline<li value="AUDIOBOOK *"><set name="message">audiobook</set></li>#Newline<li value="* AUDIOBOOK *"><set name="message">audiobook</set></li>#Newline#Newline<li value="AUDIOBOOKS"><set name="message">audiobook</set></li>#Newline<li value="* AUDIOBOOKS"><set name="message">audiobook</set></li>#Newline<li value="AUDIOBOOKS *"><set name="message">audiobook</set></li>#Newline<li value="* AUDIOBOOKS *"><set name="message">audiobook</set></li>#Newline#Newline<li value="AUDIO BOOK"><set name="message">audiobook</set></li>#Newline<li value="* AUDIO BOOK"><set name="message">audiobook</set></li>#Newline<li value="AUDIO BOOK *"><set name="message">audiobook</set></li>#Newline<li value="* AUDIO BOOK *"><set name="message">audiobook</set></li>#Newline#Newline<li value="AUDIO BOOKS"><set name="message">audiobook</set></li>#Newline<li value="* AUDIO BOOKS"><set name="message">audiobook</set></li>#Newline<li value="AUDIO BOOKS *"><set name="message">audiobook</set></li>#Newline<li value="* AUDIO BOOKS *"><set name="message">audiobook</set></li>#Newline#Newline<li value="BOOK ON CD"><set name="message">audiobook</set></li>#Newline<li value="* BOOK ON CD"><set name="message">audiobook</set></li>#Newline<li value="BOOK ON CD *"><set name="message">audiobook</set></li>#Newline<li value="* BOOK ON CD *"><set name="message">audiobook</set></li>#Newline#Newline<li value="BOOKS ON CD"><set name="message">audiobook</set></li>#Newline<li value="* BOOKS ON CD"><set name="message">audiobook</set></li>#Newline<li value="BOOKS ON CD *"><set name="message">audiobook</set></li>#Newline<li value="* BOOKS ON CD *"><set name="message">audiobook</set></li>#Newline#Newline<li value="BOOK ON CDS"><set name="message">audiobook</set></li>#Newline<li value="* BOOK ON CDS"><set name="message">audiobook</set></li>#Newline<li value="BOOK ON CDS *"><set name="message">audiobook</set></li>#Newline<li value="* BOOK ON CDS *"><set name="message">audiobook</set></li>#Newline#Newline<li value="BOOKS ON CDS"><set name="message">audiobook</set></li>#Newline<li value="* BOOKS ON CDS"><set name="message">audiobook</set></li>#Newline<li value="BOOKS ON CDS *"><set name="message">audiobook</set></li>#Newline<li value="* BOOKS ON CDS *"><set name="message">audiobook</set></li>#Newline#Newline<li value="BOOK"><set name="message">book</set></li>#Newline<li value="* BOOK"><set name="message">book</set></li>#Newline<li value="BOOK *"><set name="message">book</set></li>#Newline<li value="* BOOK *"><set name="message">book</set></li>#Newline#Newline<li value="BOOKS"><set name="message">book</set></li>#Newline<li value="* BOOKS"><set name="message">book</set></li>#Newline<li value="BOOKS *"><set name="message">book</set></li>#Newline<li value="* BOOKS *"><set name="message">book</set></li>#Newline#Newline<li value="CD"><set name="message">cd</set></li>#Newline<li value="* CD"><set name="message">cd</set></li>#Newline<li value="CD *"><set name="message">cd</set></li>#Newline<li value="* CD *"><set name="message">cd</set></li>#Newline#Newline<li value="CDS"><set name="message">cd</set></li>#Newline<li value="* CDS"><set name="message">cd</set></li>#Newline<li value="CDS *"><set name="message">cd</set></li>#Newline<li value="* CDS *"><set name="message">cd</set></li>#Newline#Newline<li value="DVD"><set name="message">dvd</set></li>#Newline<li value="* DVD"><set name="message">dvd</set></li>#Newline<li value="DVD *"><set name="message">dvd</set></li>#Newline<li value="* DVD *"><set name="message">dvd</set></li>#Newline#Newline<li value="DVDS"><set name="message">dvd</set></li>#Newline<li value="* DVDS"><set name="message">dvd</set></li>#Newline<li value="DVDS *"><set name="message">dvd</set></li>#Newline<li value="* DVDS *"><set name="message">dvd</set></li>#Newline#Newline<li value="IPAD"><set name="message">ipad</set></li>#Newline<li value="* IPAD"><set name="message">ipad</set></li>#Newline<li value="IPAD *"><set name="message">ipad</set></li>#Newline<li value="* IPAD *"><set name="message">ipad</set></li>#Newline#Newline<li value="IPADS"><set name="message">ipad</set></li>#Newline<li value="* IPADS"><set name="message">ipad</set></li>#Newline<li value="IPADS *"><set name="message">ipad</set></li>#Newline<li value="* IPADS *"><set name="message">ipad</set></li>#Newline#Newline<li value="I PAD"><set name="message">ipad</set></li>#Newline<li value="* I PAD"><set name="message">ipad</set></li>#Newline<li value="I PAD *"><set name="message">ipad</set></li>#Newline<li value="* I PAD *"><set name="message">ipad</set></li>#Newline#Newline<li value="I PADS"><set name="message">ipad</set></li>#Newline<li value="* I PADS"><set name="message">ipad</set></li>#Newline<li value="I PADS *"><set name="message">ipad</set></li>#Newline<li value="* I PADS *"><set name="message">ipad</set></li>#Newline#Newline<li value="KINDLE"><set name="message">ereader</set></li>#Newline<li value="* KINDLE"><set name="message">ereader</set></li>#Newline<li value="KINDLE *"><set name="message">ereader</set></li>#Newline<li value="* KINDLE *"><set name="message">ereader</set></li>#Newline#Newline<li value="KINDLES"><set name="message">ereader</set></li>#Newline<li value="* KINDLES"><set name="message">ereader</set></li>#Newline<li value="KINDLES *"><set name="message">ereader</set></li>#Newline<li value="* KINDLES *"><set name="message">ereader</set></li>#Newline#Newline<li value="NOOK"><set name="message">ereader</set></li>#Newline<li value="* NOOK"><set name="message">ereader</set></li>#Newline<li value="NOOK *"><set name="message">ereader</set></li>#Newline<li value="* NOOK *"><set name="message">ereader</set></li>#Newline#Newline<li value="NOOKS"><set name="message">ereader</set></li>#Newline<li value="* NOOKS"><set name="message">ereader</set></li>#Newline<li value="NOOKS *"><set name="message">ereader</set></li>#Newline<li value="* NOOKS *"><set name="message">ereader</set></li>#Newline#Newline<li value="EBOOK"><set name="message">ebook</set></li>#Newline<li value="* EBOOK"><set name="message">ebook</set></li>#Newline<li value="EBOOK *"><set name="message">ebook</set></li>#Newline<li value="* EBOOK *"><set name="message">ebook</set></li>#Newline#Newline<li value="EBOOKS"><set name="message">ebook</set></li>#Newline<li value="* EBOOKS"><set name="message">ebook</set></li>#Newline<li value="EBOOKS *"><set name="message">ebook</set></li>#Newline<li value="* EBOOKS *"><set name="message">ebook</set></li>#Newline#Newline<li value="E BOOK"><set name="message">ebook</set></li>#Newline<li value="* E BOOK"><set name="message">ebook</set></li>#Newline<li value="E BOOK *"><set name="message">ebook</set></li>#Newline<li value="* E BOOK *"><set name="message">ebook</set></li>#Newline#Newline<li value="E BOOKS"><set name="message">ebook</set></li>#Newline<li value="* E BOOKS"><set name="message">ebook</set></li>#Newline<li value="E BOOKS *"><set name="message">ebook</set></li>#Newline<li value="* E BOOKS *"><set name="message">ebook</set></li>#Newline#Newline<li value="KINDLE BOOK"><set name="message">ebook</set></li>#Newline<li value="* KINDLE BOOK"><set name="message">ebook</set></li>#Newline<li value="KINDLE BOOK *"><set name="message">ebook</set></li>#Newline<li value="* KINDLE BOOK *"><set name="message">ebook</set></li>#Newline#Newline<li value="KINDLE BOOKS"><set name="message">ebook</set></li>#Newline<li value="* KINDLE BOOKS"><set name="message">ebook</set></li>#Newline<li value="KINDLE BOOKS *"><set name="message">ebook</set></li>#Newline<li value="* KINDLE BOOKS *"><set name="message">ebook</set></li>#Newline#Newline<li value="NOOK BOOK"><set name="message">ebook</set></li>#Newline<li value="* NOOK BOOK"><set name="message">ebook</set></li>#Newline<li value="NOOK BOOK *"><set name="message">ebook</set></li>#Newline<li value="* NOOK BOOK *"><set name="message">ebook</set></li>#Newline#Newline<li value="NOOK BOOKS"><set name="message">ebook</set></li>#Newline<li value="* NOOK BOOKS"><set name="message">ebook</set></li>#Newline<li value="NOOK BOOKS *"><set name="message">ebook</set></li>#Newline<li value="* NOOK BOOKS *"><set name="message">ebook</set></li>#Newline#Newline<li value="CHECK"><set name="message">check fines</set></li>#Newline<li value="* CHECK"><set name="message">check fines</set></li>#Newline<li value="CHECK *"><set name="message">check fines</set></li>#Newline<li value="* CHECK *"><set name="message">check fines</set></li>#Newline#Newline<li value="CHECKING"><set name="message">check fines</set></li>#Newline<li value="* CHECKING"><set name="message">check fines</set></li>#Newline<li value="CHECKING *"><set name="message">check fines</set></li>#Newline<li value="* CHECKING *"><set name="message">check fines</set></li>#Newline#Newline<li value="OWE"><set name="message">check fines</set></li>#Newline<li value="* OWE"><set name="message">check fines</set></li>#Newline<li value="OWE *"><set name="message">check fines</set></li>#Newline<li value="* OWE *"><set name="message">check fines</set></li>#Newline#Newline<li value="OWED"><set name="message">check fines</set></li>#Newline<li value="* OWED"><set name="message">check fines</set></li>#Newline<li value="OWED *"><set name="message">check fines</set></li>#Newline<li value="* OWED *"><set name="message">check fines</set></li>#Newline#Newline<li value="HAVE ANY"><set name="message">check fines</set></li>#Newline<li value="* HAVE ANY"><set name="message">check fines</set></li>#Newline<li value="HAVE ANY *"><set name="message">check fines</set></li>#Newline<li value="* HAVE ANY *"><set name="message">check fines</set></li>#Newline#Newline#Newline<li value="HAVE FEE"><set name="message">check fines</set></li>#Newline<li value="* HAVE FEE"><set name="message">check fines</set></li>#Newline<li value="HAVE * FEE"><set name="message">check fines</set></li>#Newline<li value="HAVE FEE *"><set name="message">check fines</set></li>#Newline<li value="* HAVE * FEE"><set name="message">check fines</set></li>#Newline<li value="HAVE * FEE *"><set name="message">check fines</set></li>#Newline<li value="* HAVE FEE *"><set name="message">check fines</set></li>#Newline<li value="* HAVE * FEE *"><set name="message">check fines</set></li>#Newline#Newline<li value="HAVE FEES"><set name="message">check fines</set></li>#Newline<li value="* HAVE FEES"><set name="message">check fines</set></li>#Newline<li value="HAVE * FEES"><set name="message">check fines</set></li>#Newline<li value="HAVE FEES *"><set name="message">check fines</set></li>#Newline<li value="* HAVE * FEES"><set name="message">check fines</set></li>#Newline<li value="HAVE * FEES *"><set name="message">check fines</set></li>#Newline<li value="* HAVE FEES *"><set name="message">check fines</set></li>#Newline<li value="* HAVE * FEES *"><set name="message">check fines</set></li>#Newline#Newline<li value="HAVE FINE"><set name="message">check fines</set></li>#Newline<li value="* HAVE FINE"><set name="message">check fines</set></li>#Newline<li value="HAVE * FINE"><set name="message">check fines</set></li>#Newline<li value="HAVE FINE *"><set name="message">check fines</set></li>#Newline<li value="* HAVE * FINE"><set name="message">check fines</set></li>#Newline<li value="HAVE * FINE *"><set name="message">check fines</set></li>#Newline<li value="* HAVE FINE *"><set name="message">check fines</set></li>#Newline<li value="* HAVE * FINE *"><set name="message">check fines</set></li>#Newline#Newline<li value="HAVE FINES"><set name="message">check fines</set></li>#Newline<li value="* HAVE FINES"><set name="message">check fines</set></li>#Newline<li value="HAVE * FINES"><set name="message">check fines</set></li>#Newline<li value="HAVE FINES *"><set name="message">check fines</set></li>#Newline<li value="* HAVE * FINES"><set name="message">check fines</set></li>#Newline<li value="HAVE * FINES *"><set name="message">check fines</set></li>#Newline<li value="* HAVE FINES *"><set name="message">check fines</set></li>#Newline<li value="* HAVE * FINES *"><set name="message">check fines</set></li>#Newline#Newline<li value="HAVE OVERDUE"><set name="message">check fines</set></li>#Newline<li value="* HAVE OVERDUE"><set name="message">check fines</set></li>#Newline<li value="HAVE * OVERDUE"><set name="message">check fines</set></li>#Newline<li value="HAVE OVERDUE *"><set name="message">check fines</set></li>#Newline<li value="* HAVE * OVERDUE"><set name="message">check fines</set></li>#Newline<li value="HAVE * OVERDUE *"><set name="message">check fines</set></li>#Newline<li value="* HAVE OVERDUE *"><set name="message">check fines</set></li>#Newline<li value="* HAVE * OVERDUE *"><set name="message">check fines</set></li>#Newline#Newline<li value="HAVE OVERDUES"><set name="message">check fines</set></li>#Newline<li value="* HAVE OVERDUES"><set name="message">check fines</set></li>#Newline<li value="HAVE * OVERDUES"><set name="message">check fines</set></li>#Newline<li value="HAVE OVERDUES *"><set name="message">check fines</set></li>#Newline<li value="* HAVE * OVERDUES"><set name="message">check fines</set></li>#Newline<li value="HAVE * OVERDUES *"><set name="message">check fines</set></li>#Newline<li value="* HAVE OVERDUES *"><set name="message">check fines</set></li>#Newline<li value="* HAVE * OVERDUES *"><set name="message">check fines</set></li>#Newline#Newline<li value="HOW MUCH FINE"><set name="message">check fines</set></li>#Newline<li value="* HOW MUCH FINE"><set name="message">check fines</set></li>#Newline<li value="HOW MUCH * FINE"><set name="message">check fines</set></li>#Newline<li value="HOW MUCH FINE *"><set name="message">check fines</set></li>#Newline<li value="* HOW MUCH * FINE"><set name="message">check fines</set></li>#Newline<li value="HOW MUCH * FINE *"><set name="message">check fines</set></li>#Newline<li value="* HOW MUCH FINE *"><set name="message">check fines</set></li>#Newline<li value="* HOW MUCH * FINE *"><set name="message">check fines</set></li>#Newline#Newline<li value="HOW MUCH FINES"><set name="message">check fines</set></li>#Newline<li value="* HOW MUCH FINES"><set name="message">check fines</set></li>#Newline<li value="HOW MUCH * FINES"><set name="message">check fines</set></li>#Newline<li value="HOW MUCH FINES *"><set name="message">check fines</set></li>#Newline<li value="* HOW MUCH * FINES"><set name="message">check fines</set></li>#Newline<li value="HOW MUCH * FINES *"><set name="message">check fines</set></li>#Newline<li value="* HOW MUCH FINES *"><set name="message">check fines</set></li>#Newline<li value="* HOW MUCH * FINES *"><set name="message">check fines</set></li>#Newline#Newline<li value="WHAT FINE"><set name="message">check fines</set></li>#Newline<li value="* WHAT FINE"><set name="message">check fines</set></li>#Newline<li value="WHAT * FINE"><set name="message">check fines</set></li>#Newline<li value="WHAT FINE *"><set name="message">check fines</set></li>#Newline<li value="* WHAT * FINE"><set name="message">check fines</set></li>#Newline<li value="WHAT * FINE *"><set name="message">check fines</set></li>#Newline<li value="* WHAT FINE *"><set name="message">check fines</set></li>#Newline<li value="* WHAT * FINE *"><set name="message">check fines</set></li>#Newline#Newline<li value="WHAT FINES"><set name="message">check fines</set></li>#Newline<li value="* WHAT FINES"><set name="message">check fines</set></li>#Newline<li value="WHAT * FINES"><set name="message">check fines</set></li>#Newline<li value="WHAT FINES *"><set name="message">check fines</set></li>#Newline<li value="* WHAT * FINES"><set name="message">check fines</set></li>#Newline<li value="WHAT * FINES *"><set name="message">check fines</set></li>#Newline<li value="* WHAT FINES *"><set name="message">check fines</set></li>#Newline<li value="* WHAT * FINES *"><set name="message">check fines</set></li>#Newline#Newline<li value="LATE FEE"><set name="message">check fines</set></li>#Newline<li value="* LATE FEE"><set name="message">check fines</set></li>#Newline<li value="LATE FEE *"><set name="message">check fines</set></li>#Newline<li value="* LATE FEE *"><set name="message">check fines</set></li>#Newline#Newline<li value="LATE FEES"><set name="message">check fines</set></li>#Newline<li value="* LATE FEES"><set name="message">check fines</set></li>#Newline<li value="LATE FEES *"><set name="message">check fines</set></li>#Newline<li value="* LATE FEES *"><set name="message">check fines</set></li>#Newline#Newline<li value="OVERDUE"><set name="message">check fines</set></li>#Newline<li value="* OVERDUE"><set name="message">check fines</set></li>#Newline<li value="OVERDUE *"><set name="message">check fines</set></li>#Newline<li value="* OVERDUE *"><set name="message">check fines</set></li>#Newline#Newline<li value="OVERDUES"><set name="message">check fines</set></li>#Newline<li value="* OVERDUES"><set name="message">check fines</set></li>#Newline<li value="OVERDUES *"><set name="message">check fines</set></li>#Newline<li value="* OVERDUES *"><set name="message">check fines</set></li>#Newline#Newline<li value="DAMAGE"><set name="message">lost item</set></li>#Newline<li value="* DAMAGE"><set name="message">lost item</set></li>#Newline<li value="DAMAGE *"><set name="message">lost item</set></li>#Newline<li value="* DAMAGE *"><set name="message">lost item</set></li>#Newline#Newline<li value="DAMAGED"><set name="message">lost item</set></li>#Newline<li value="* DAMAGED"><set name="message">lost item</set></li>#Newline<li value="DAMAGED *"><set name="message">lost item</set></li>#Newline<li value="* DAMAGED *"><set name="message">lost item</set></li>#Newline#Newline<li value="LOST"><set name="message">lost item</set></li>#Newline<li value="* LOST"><set name="message">lost item</set></li>#Newline<li value="LOST *"><set name="message">lost item</set></li>#Newline<li value="* LOST *"><set name="message">lost item</set></li>#Newline#Newline<li value="LOSE"><set name="message">lost item</set></li>#Newline<li value="* LOSE"><set name="message">lost item</set></li>#Newline<li value="LOSE *"><set name="message">lost item</set></li>#Newline<li value="* LOSE *"><set name="message">lost item</set></li>#Newline#Newline<li value="LOOSE"><set name="message">lost item</set></li>#Newline<li value="* LOOSE"><set name="message">lost item</set></li>#Newline<li value="LOOSE *"><set name="message">lost item</set></li>#Newline<li value="* LOOSE *"><set name="message">lost item</set></li>#Newline#Newline<li value="OHIOLINK"><set name="message">ohiolink</set></li>#Newline<li value="* OHIOLINK"><set name="message">ohiolink</set></li>#Newline<li value="OHIOLINK *"><set name="message">ohiolink</set></li>#Newline<li value="* OHIOLINK *"><set name="message">ohiolink</set></li>#Newline#Newline<li value="OHIO LINK"><set name="message">ohiolink</set></li>#Newline<li value="* OHIO LINK"><set name="message">ohiolink</set></li>#Newline<li value="OHIO LINK *"><set name="message">ohiolink</set></li>#Newline<li value="* OHIO LINK *"><set name="message">ohiolink</set></li>#Newline#Newline<li value="SEARCHOHIO"><set name="message">searchohio</set></li>#Newline<li value="* SEARCHOHIO"><set name="message">searchohio</set></li>#Newline<li value="SEARCHOHIO *"><set name="message">searchohio</set></li>#Newline<li value="* SEARCHOHIO *"><set name="message">searchohio</set></li>#Newline#Newline<li value="SEARCH OHIO"><set name="message">searchohio</set></li>#Newline<li value="* SEARCH OHIO"><set name="message">searchohio</set></li>#Newline<li value="SEARCH OHIO *"><set name="message">searchohio</set></li>#Newline<li value="* SEARCH OHIO *"><set name="message">searchohio</set></li>#Newline#Newline<li value="CREDIT CARD"><set name="message">payment options</set></li>#Newline<li value="* CREDIT CARD"><set name="message">payment options</set></li>#Newline<li value="CREDIT CARD *"><set name="message">payment options</set></li>#Newline<li value="* CREDIT CARD *"><set name="message">payment options</set></li>#Newline#Newline<li value="CREDIT CARDS"><set name="message">payment options</set></li>#Newline<li value="* CREDIT CARDS"><set name="message">payment options</set></li>#Newline<li value="CREDIT CARDS *"><set name="message">payment options</set></li>#Newline<li value="* CREDIT CARDS *"><set name="message">payment options</set></li>#Newline#Newline<li value="ONLINE"><set name="message">payment options</set></li>#Newline<li value="* ONLINE"><set name="message">payment options</set></li>#Newline<li value="ONLINE *"><set name="message">payment options</set></li>#Newline<li value="* ONLINE *"><set name="message">payment options</set></li>#Newline#Newline<li value="ON LINE"><set name="message">payment options</set></li>#Newline<li value="* ON LINE"><set name="message">payment options</set></li>#Newline<li value="ON LINE *"><set name="message">payment options</set></li>#Newline<li value="* ON LINE *"><set name="message">payment options</set></li>#Newline#Newline<li value="PAY"><set name="message">payment options</set></li>#Newline<li value="* PAY"><set name="message">payment options</set></li>#Newline<li value="PAY *"><set name="message">payment options</set></li>#Newline<li value="* PAY *"><set name="message">payment options</set></li>#Newline#Newline<li value="PAYING"><set name="message">payment options</set></li>#Newline<li value="* PAYING"><set name="message">payment options</set></li>#Newline<li value="PAYING *"><set name="message">payment options</set></li>#Newline<li value="* PAYING *"><set name="message">payment options</set></li>#Newline#Newline<li value="PAYMENT"><set name="message">payment options</set></li>#Newline<li value="* PAYMENT"><set name="message">payment options</set></li>#Newline<li value="PAYMENT *"><set name="message">payment options</set></li>#Newline<li value="* PAYMENT *"><set name="message">payment options</set></li>#Newline#Newline<li value="PAYMENTS"><set name="message">payment options</set></li>#Newline<li value="* PAYMENTS"><set name="message">payment options</set></li>#Newline<li value="PAYMENTS *"><set name="message">payment options</set></li>#Newline<li value="* PAYMENTS *"><set name="message">payment options</set></li>#Newline#Newline<li value="BILL"><set name="message">in collections</set></li>#Newline<li value="* BILL"><set name="message">in collections</set></li>#Newline<li value="BILL *"><set name="message">in collections</set></li>#Newline<li value="* BILL *"><set name="message">in collections</set></li>#Newline#Newline<li value="BILLS"><set name="message">in collections</set></li>#Newline<li value="* BILLS"><set name="message">in collections</set></li>#Newline<li value="BILLS *"><set name="message">in collections</set></li>#Newline<li value="* BILLS *"><set name="message">in collections</set></li>#Newline#Newline<li value="BILLED"><set name="message">in collections</set></li>#Newline<li value="* BILLED"><set name="message">in collections</set></li>#Newline<li value="BILLED *"><set name="message">in collections</set></li>#Newline<li value="* BILLED *"><set name="message">in collections</set></li>#Newline#Newline<li value="COLLECTION"><set name="message">in collections</set></li>#Newline<li value="* COLLECTION"><set name="message">in collections</set></li>#Newline<li value="COLLECTION *"><set name="message">in collections</set></li>#Newline<li value="* COLLECTION *"><set name="message">in collections</set></li>#Newline#Newline<li value="COLLECTIONS"><set name="message">in collections</set></li>#Newline<li value="* COLLECTIONS"><set name="message">in collections</set></li>#Newline<li value="COLLECTIONS *"><set name="message">in collections</set></li>#Newline<li value="* COLLECTIONS *"><set name="message">in collections</set></li>#Newline#Newline<li value="UNIQUE"><set name="message">in collections</set></li>#Newline<li value="* UNIQUE"><set name="message">in collections</set></li>#Newline<li value="UNIQUE *"><set name="message">in collections</set></li>#Newline<li value="* UNIQUE *"><set name="message">in collections</set></li>#Newline#Newline<li value="DO NOT PAID"><set name="message">do not pay</set></li>#Newline<li value="* DO NOT PAID"><set name="message">do not pay</set></li>#Newline<li value="DO NOT * PAID"><set name="message">do not pay</set></li>#Newline<li value="DO NOT PAID *"><set name="message">do not pay</set></li>#Newline<li value="* DO NOT * PAID"><set name="message">do not pay</set></li>#Newline<li value="DO NOT * PAID *"><set name="message">do not pay</set></li>#Newline<li value="* DO NOT PAID *"><set name="message">do not pay</set></li>#Newline<li value="* DO NOT * PAID *"><set name="message">do not pay</set></li>#Newline#Newline<li value="DO NOT PAY"><set name="message">do not pay</set></li>#Newline<li value="* DO NOT PAY"><set name="message">do not pay</set></li>#Newline<li value="DO NOT * PAY"><set name="message">do not pay</set></li>#Newline<li value="DO NOT PAY *"><set name="message">do not pay</set></li>#Newline<li value="* DO NOT * PAY"><set name="message">do not pay</set></li>#Newline<li value="DO NOT * PAY *"><set name="message">do not pay</set></li>#Newline<li value="* DO NOT PAY *"><set name="message">do not pay</set></li>#Newline<li value="* DO NOT * PAY *"><set name="message">do not pay</set></li>#Newline#Newline<li value="DO NOT PAYING"><set name="message">do not pay</set></li>#Newline<li value="* DO NOT PAYING"><set name="message">do not pay</set></li>#Newline<li value="DO NOT * PAYING"><set name="message">do not pay</set></li>#Newline<li value="DO NOT PAYING *"><set name="message">do not pay</set></li>#Newline<li value="* DO NOT * PAYING"><set name="message">do not pay</set></li>#Newline<li value="DO NOT * PAYING *"><set name="message">do not pay</set></li>#Newline<li value="* DO NOT PAYING *"><set name="message">do not pay</set></li>#Newline<li value="* DO NOT * PAYING *"><set name="message">do not pay</set></li>#Newline#Newline<li value="DO NOT PAYS"><set name="message">do not pay</set></li>#Newline<li value="* DO NOT PAYS"><set name="message">do not pay</set></li>#Newline<li value="DO NOT * PAYS"><set name="message">do not pay</set></li>#Newline<li value="DO NOT PAYS *"><set name="message">do not pay</set></li>#Newline<li value="* DO NOT * PAYS"><set name="message">do not pay</set></li>#Newline<li value="DO NOT * PAYS *"><set name="message">do not pay</set></li>#Newline<li value="* DO NOT PAYS *"><set name="message">do not pay</set></li>#Newline<li value="* DO NOT * PAYS *"><set name="message">do not pay</set></li>#Newline#Newline<li value="DO NOT PAID"><set name="message">do not pay</set></li>#Newline<li value="* DO NOT PAID"><set name="message">do not pay</set></li>#Newline<li value="DO NOT * PAID"><set name="message">do not pay</set></li>#Newline<li value="DO NOT PAID *"><set name="message">do not pay</set></li>#Newline<li value="* DO NOT * PAID"><set name="message">do not pay</set></li>#Newline<li value="DO NOT * PAID *"><set name="message">do not pay</set></li>#Newline<li value="* DO NOT PAID *"><set name="message">do not pay</set></li>#Newline<li value="* DO NOT * PAID *"><set name="message">do not pay</set></li>#Newline#Newline<li value=" NOT PAY"><set name="message">do not pay</set></li>#Newline<li value="*  NOT PAY"><set name="message">do not pay</set></li>#Newline<li value=" NOT * PAY"><set name="message">do not pay</set></li>#Newline<li value=" NOT PAY *"><set name="message">do not pay</set></li>#Newline<li value="*  NOT * PAY"><set name="message">do not pay</set></li>#Newline<li value=" NOT * PAY *"><set name="message">do not pay</set></li>#Newline<li value="*  NOT PAY *"><set name="message">do not pay</set></li>#Newline<li value="*  NOT * PAY *"><set name="message">do not pay</set></li>#Newline#Newline<li value=" NOT PAYING"><set name="message">do not pay</set></li>#Newline<li value="*  NOT PAYING"><set name="message">do not pay</set></li>#Newline<li value=" NOT * PAYING"><set name="message">do not pay</set></li>#Newline<li value=" NOT PAYING *"><set name="message">do not pay</set></li>#Newline<li value="*  NOT * PAYING"><set name="message">do not pay</set></li>#Newline<li value=" NOT * PAYING *"><set name="message">do not pay</set></li>#Newline<li value="*  NOT PAYING *"><set name="message">do not pay</set></li>#Newline<li value="*  NOT * PAYING *"><set name="message">do not pay</set></li>#Newline#Newline<li value=" NOT PAYS"><set name="message">do not pay</set></li>#Newline<li value="*  NOT PAYS"><set name="message">do not pay</set></li>#Newline<li value=" NOT * PAYS"><set name="message">do not pay</set></li>#Newline<li value=" NOT PAYS *"><set name="message">do not pay</set></li>#Newline<li value="*  NOT * PAYS"><set name="message">do not pay</set></li>#Newline<li value=" NOT * PAYS *"><set name="message">do not pay</set></li>#Newline<li value="*  NOT PAYS *"><set name="message">do not pay</set></li>#Newline<li value="*  NOT * PAYS *"><set name="message">do not pay</set></li>#Newline#Newline<li value="JAIL"><set name="message">jail</set></li>#Newline<li value="* JAIL"><set name="message">jail</set></li>#Newline<li value="JAIL *"><set name="message">jail</set></li>#Newline<li value="* JAIL *"><set name="message">jail</set></li>#Newline#Newline<li value="LAPTOP"><set name="message">laptop</set></li>#Newline<li value="* LAPTOP"><set name="message">laptop</set></li>#Newline<li value="LAPTOP *"><set name="message">laptop</set></li>#Newline<li value="* LAPTOP *"><set name="message">laptop</set></li> #Newline#Newline<li value="LAPTOPS"><set name="message">laptop</set></li>#Newline<li value="* LAPTOPS"><set name="message">laptop</set></li>#Newline<li value="LAPTOPS *"><set name="message">laptop</set></li>#Newline<li value="* LAPTOPS *"><set name="message">laptop</set></li> #Newline#Newline</condition>#Newline<think><set name="topic"/></think>#Newline</think>#Newline#Newline<condition name="message">#Newline#Newline<li value="stop"><set name="topic"/>O.K. I'll stop.</li>#Newline#Newline<li value="no match"><set name="topic"/><srai><get name="answr"/></srai></li>#Newline#Newline<li value="bankruptcy"><srai>BNKRPT</srai></li>#Newline<li value="senior fines"><srai>SNFNS</srai></li>#Newline<li value="forgiveness"><srai>FNFRG</srai></li>#Newline<li value="faxing"><srai>FXING</srai></li>#Newline  <li value="grace"><srai>GPER</srai></li>#Newline#Newline<li value="audiobook"><think><set name="topic">ADBK ATTRIBUTES</set><set name="attr1">fine</set></think><srai>ATTRADBKS</srai></li> #Newline<li value="book"><think><set name="topic">BOOK ATTRIBUTES</set><set name="attr1">fine</set></think><srai>ATTRBKS</srai></li>  #Newline<li value="cd"><think><set name="topic">CD ATTRIBUTES</set><set name="attr1">fine</set></think><srai>ATTRCDS</srai></li>  #Newline<li value="dvd"><think><set name="topic">DVD ATTRIBUTES</set><set name="attr1">fine</set></think><srai>ATTRDVDS</srai></li> #Newline<li value="fic dvd"><think><set name="topic">FICDVD ATTRIBUTES</set><set name="attr1">fine</set></think><srai>ATTRFICDVDS</srai></li> #Newline<li value="nonfic dvd"><think><set name="topic">NONFICDVD ATTRIBUTES</set><set name="attr1">fine</set></think><srai>ATTRNONFICDVDS</srai></li> #Newline<li value="dvd set"><think><set name="topic">DVDSET ATTRIBUTES</set><set name="attr1">fine</set></think><srai>ATTRDVDSETS</srai></li> #Newline<li value="ebook"><think><set name="topic">ODEBKS ATTRIBUTES</set><set name="attr1">fine</set></think><srai>ATTRODEBKS</srai></li> #Newline<li value="magazine"><think><set name="topic">MAG ATTRIBUTES</set><set name="attr1">fine</set></think><srai>ATTRMAGS</srai></li> #Newline<li value="video game"><think><set name="topic">VGM ATTRIBUTES</set><set name="attr1">fine</set></think><srai>ATTRVGMS</srai></li>  #Newline<li value="ereader"><think><set name="topic">EDEV ATTRIBUTES</set><set name="attr1">fine</set></think><srai>ATTREDEVS</srai></li>  #Newline<li value="ipad"><think><set name="topic">IPAD ATTRIBUTES</set><set name="attr1">fine</set></think><srai>ATTRIPDS</srai></li>  #Newline<li value="ohiolink"><think><set name="topic">OL ATTRIBUTES</set><set name="attr1">fine</set></think><srai>ATTROL</srai></li>  #Newline<li value="ohiolink media"><think><set name="topic">OLM ATTRIBUTES</set><set name="attr1">fine</set></think><srai>ATTROLM</srai></li>  #Newline<li value="searchohio"><think><set name="topic">SO ATTRIBUTES</set><set name="attr1">fine</set></think><srai>ATTRSO</srai></li>#Newline<li value="searchohio media"><think><set name="topic">SODVD ATTRIBUTES</set><set name="attr1">fine</set></think>ATTRSODVDS<srai/></li>  #Newline<li value="laptop"><think><set name="topic">LPTP ATTRIBUTES</set><set name="attr1">fine</set></think><srai>ATTRLPTPS</srai></li>#Newline<li value="check fines"><srai>CHKFNS</srai></li>#Newline#Newline<li value="lost item"><srai>LSTRPL</srai></li>#Newline<li value="payment options"><srai>PYMT</srai></li>#Newline<li value="in collections"><srai>INCOLL</srai></li>#Newline<li value="do not pay"><srai>XPAY</srai></li>#Newline<li value="jail"><srai>XPAY JAIL</srai></li>#Newline#Newline</condition>,fines.aiml
