0,HLDS,*,*,I'm often asked about placing holds and requesting items. #Newline<random>#Newline<li>What would you like to know about holds?</li>#Newline<li>What is your question about holds?</li>#Newline<li>What can I tell you about holds?</li>#Newline</random>#Newline<think>#Newline<set name="topic">HLDS</set>#Newline</think>,holds.aiml
0,_,*,HLDS,<think>#Newline<set name="answr"><star/></set>#Newline<set name="topic">HOLDQ2</set>#Newline</think>#Newline<srai>HOLDQ2</srai>,holds.aiml
0,HOLD,*,*,<srai>HLDS</srai>,holds.aiml
0,HOLDS,*,*,<srai>HLDS</srai>,holds.aiml
0,RESERVE,*,*,<srai>HLDS</srai>,holds.aiml
0,RESERVES,*,*,<srai>HLDS</srai>,holds.aiml
0,REQUEST,*,*,<srai>HLDS</srai>,holds.aiml
0,REQUESTS,*,*,<srai>HLDS</srai>,holds.aiml
0,* HOLD,*,*,<think>#Newline<set name="answr"><star/></set>#Newline<set name="topic">HLDS2</set>#Newline</think>#Newline<srai>HOLDQ2</srai>,holds.aiml
0,HOLD *,*,*,<think>#Newline<set name="answr"><star/></set>#Newline<set name="topic">HLDS2</set>#Newline</think>#Newline<srai>HOLDQ2</srai>,holds.aiml
0,* HOLD *,*,*,<think>#Newline<set name="answr"><star index="1"/><star index="2"/></set>#Newline<set name="topic">HLDS2</set>#Newline</think>#Newline<srai>HOLDQ2</srai>,holds.aiml
0,* HOLDS,*,*,<think>#Newline<set name="answr"><star/></set>#Newline<set name="topic">HLDS2</set>#Newline</think>#Newline<srai>HOLDQ2</srai>,holds.aiml
0,HOLDS *,*,*,<think>#Newline<set name="answr"><star/></set>#Newline<set name="topic">HLDS2</set>#Newline</think>#Newline<srai>HOLDQ2</srai>,holds.aiml
0,* HOLDS *,*,*,<think>#Newline<set name="answr"><star index="1"/><star index="2"/></set>#Newline<set name="topic">HLDS2</set>#Newline</think>#Newline<srai>HOLDQ2</srai>,holds.aiml
0,* HOLDING,*,*,<think>#Newline<set name="answr"><star/></set>#Newline<set name="topic">HLDS2</set>#Newline</think>#Newline<srai>HOLDQ2</srai>,holds.aiml
0,HOLDING *,*,*,<think>#Newline<set name="answr"><star/></set>#Newline<set name="topic">HLDS2</set>#Newline</think>#Newline<srai>HOLDQ2</srai>,holds.aiml
0,* HOLDING *,*,*,<think>#Newline<set name="answr"><star index="1"/><star index="2"/></set>#Newline<set name="topic">HLDS2</set>#Newline</think>#Newline<srai>HOLDQ2</srai>,holds.aiml
0,HOW * HOLD,*,*,<think>#Newline<set name="answr"><star/></set>#Newline<set name="topic">HLDS2</set>#Newline</think>#Newline<srai>HOLDQ2</srai>,holds.aiml
0,* HOW * HOLD,*,*,<think>#Newline<set name="answr"><star index="1"/><star index="2"/></set>#Newline<set name="topic">HLDS2</set>#Newline</think>#Newline<srai>HOLDQ2</srai>,holds.aiml
0,HOW * HOLD *,*,*,<think>#Newline<set name="answr"><star index="1"/><star index="2"/></set>#Newline<set name="topic">HLDS2</set>#Newline</think>#Newline<srai>HOLDQ2</srai>,holds.aiml
0,* HOW * HOLD *,*,*,<think>#Newline<set name="answr"><star index="1"/><star index="2"/><star index="3"/></set>#Newline<set name="topic">HLDS2</set>#Newline</think>#Newline<srai>HOLDQ2</srai>,holds.aiml
0,HOW * HOLDS,*,*,<think>#Newline<set name="answr"><star/></set>#Newline<set name="topic">HLDS2</set>#Newline</think>#Newline<srai>HOLDQ2</srai>,holds.aiml
0,* HOW * HOLDS,*,*,<think>#Newline<set name="answr"><star index="1"/><star index="2"/></set>#Newline<set name="topic">HLDS2</set>#Newline</think>#Newline<srai>HOLDQ2</srai>,holds.aiml
0,HOW * HOLDS *,*,*,<think>#Newline<set name="answr"><star index="1"/><star index="2"/></set>#Newline<set name="topic">HLDS2</set>#Newline</think>#Newline<srai>HOLDQ2</srai>,holds.aiml
0,* HOW * HOLDS *,*,*,<think>#Newline<set name="answr"><star index="1"/><star index="2"/><star index="3"/></set>#Newline<set name="topic">HLDS2</set>#Newline</think>#Newline<srai>HOLDQ2</srai>,holds.aiml
0,* RESERVE,*,*,<think>#Newline<set name="answr"><star/></set>#Newline<set name="topic">HLDS2</set>#Newline</think>#Newline<srai>HOLDQ2</srai>,holds.aiml
0,RESERVE *,*,*,<think>#Newline<set name="answr"><star/></set>#Newline<set name="topic">HLDS2</set>#Newline</think>#Newline<srai>HOLDQ2</srai>,holds.aiml
0,* RESERVE *,*,*,<think>#Newline<set name="answr"><star index="1"/><star index="2"/></set>#Newline<set name="topic">HLDS2</set>#Newline</think>#Newline<srai>HOLDQ2</srai>,holds.aiml
0,HOW * RESERVE *,*,*,<think>#Newline<set name="answr"><star index="1"/><star index="2"/></set>#Newline<set name="topic">HLDS2</set>#Newline</think>#Newline<srai>HOLDQ2</srai>,holds.aiml
0,* RESERVES,*,*,<think>#Newline<set name="answr"><star/></set>#Newline<set name="topic">HLDS2</set>#Newline</think>#Newline<srai>HOLDQ2</srai>,holds.aiml
0,HOW * RESERVES,*,*,<think>#Newline<set name="answr"><star/></set>#Newline<set name="topic">HLDS2</set>#Newline</think>#Newline<srai>HOLDQ2</srai>,holds.aiml
0,RESERVES *,*,*,<think>#Newline<set name="answr"><star/></set>#Newline<set name="topic">HLDS2</set>#Newline</think>#Newline<srai>HOLDQ2</srai>,holds.aiml
0,* RESERVES *,*,*,<think>#Newline<set name="answr"><star index="1"/><star index="2"/></set>#Newline<set name="topic">HLDS2</set>#Newline</think>#Newline<srai>HOLDQ2</srai>,holds.aiml
0,HOW * RESERVES *,*,*,<think>#Newline<set name="answr"><star index="1"/><star index="2"/></set>#Newline<set name="topic">HLDS2</set>#Newline</think>#Newline<srai>HOLDQ2</srai>,holds.aiml
0,* REQUEST,*,*,<think>#Newline<set name="answr"><star/></set>#Newline<set name="topic">HLDS2</set>#Newline</think>#Newline<srai>HOLDQ2</srai>,holds.aiml
0,REQUEST *,*,*,<think>#Newline<set name="answr"><star/></set>#Newline<set name="topic">HLDS2</set>#Newline</think>#Newline<srai>HOLDQ2</srai>,holds.aiml
0,* REQUEST *,*,*,<think>#Newline<set name="answr"><star index="1"/><star index="2"/></set>#Newline<set name="topic">HLDS2</set>#Newline</think>#Newline<srai>HOLDQ2</srai>,holds.aiml
0,HOW * REQUEST *,*,*,<think>#Newline<set name="answr"><star index="1"/><star index="2"/></set>#Newline<set name="topic">HLDS2</set>#Newline</think>#Newline<srai>HOLDQ2</srai>,holds.aiml
0,* REQUESTS,*,*,<think>#Newline<set name="answr"><star/></set>#Newline<set name="topic">HLDS2</set>#Newline</think>#Newline<srai>HOLDQ2</srai>,holds.aiml
0,REQUESTS *,*,*,<think>#Newline<set name="answr"><star index="2"/></set>#Newline<set name="topic">HLDS2</set>#Newline</think>#Newline<srai>HOLDQ2</srai>,holds.aiml
0,* REQUESTS *,*,*,<think>#Newline<set name="answr"><star index="1"/><star index="2"/></set>#Newline<set name="topic">HLDS2</set>#Newline</think>#Newline<srai>HOLDQ2</srai>,holds.aiml
0,HOLDQ2,*,HLDS2,<think>#Newline<get name="answr"/>#Newline<set name="message">no match</set>#Newline<condition name="answr">#Newline#Newline<li value="STOP"><set name="message">stop</set></li>#Newline#Newline<li value="HOW"><set name="message">placeholds</set></li>#Newline<li value="* HOW"><set name="message">placeholds</set></li>#Newline<li value="HOW *"><set name="message">placeholds</set></li>#Newline<li value="* HOW *"><set name="message">placeholds</set></li>#Newline#Newline<li value="ONLINE"><set name="message">placeholds</set></li>#Newline<li value="* ONLINE"><set name="message">placeholds</set></li>#Newline<li value="ONLINE *"><set name="message">placeholds</set></li>#Newline<li value="* ONLINE *"><set name="message">placeholds</set></li>#Newline#Newline<li value="ON LINE"><set name="message">placeholds</set></li>#Newline<li value="* ON LINE"><set name="message">placeholds</set></li>#Newline<li value="ON LINE *"><set name="message">placeholds</set></li>#Newline<li value="* ON LINE *"><set name="message">placeholds</set></li>#Newline#Newline<li value="PLACE"><set name="message">placeholds</set></li>#Newline<li value="* PLACE"><set name="message">placeholds</set></li>#Newline<li value="PLACE *"><set name="message">placeholds</set></li>#Newline<li value="* PLACE *"><set name="message">placeholds</set></li>#Newline#Newline<li value="PLACING"><set name="message">placeholds</set></li>#Newline<li value="* PLACING"><set name="message">placeholds</set></li>#Newline<li value="PLACING *"><set name="message">placeholds</set></li>#Newline<li value="* PLACING *"><set name="message">placeholds</set></li>#Newline#Newline<li value="PUT"><set name="message">placeholds</set></li>#Newline<li value="* PUT"><set name="message">placeholds</set></li>#Newline<li value="PUT *"><set name="message">placeholds</set></li>#Newline<li value="* PUT *"><set name="message">placeholds</set></li>#Newline#Newline<li value="PUTTING"><set name="message">placeholds</set></li>#Newline<li value="* PUTTING"><set name="message">placeholds</set></li>#Newline<li value="PUTTING *"><set name="message">placeholds</set></li>#Newline<li value="* PUTTING *"><set name="message">placeholds</set></li>#Newline#Newline<li value="BUTTON"><set name="message">request button</set></li>#Newline<li value="* BUTTON"><set name="message">request button</set></li>#Newline<li value="BUTTON *"><set name="message">request button</set></li>#Newline<li value="* BUTTON *"><set name="message">request button</set></li>#Newline#Newline<li value="WAIT"><set name="message">delivery time</set></li>#Newline<li value="* WAIT"><set name="message">delivery time</set></li>#Newline<li value="WAIT *"><set name="message">delivery time</set></li>#Newline<li value="* WAIT *"><set name="message">delivery time</set></li>#Newline#Newline<li value="HOW LONG"><set name="message">delivery time</set></li>#Newline<li value="* HOW LONG"><set name="message">delivery time</set></li>#Newline<li value="HOW LONG *"><set name="message">delivery time</set></li>#Newline<li value="* HOW LONG *"><set name="message">delivery time</set></li>#Newline#Newline<li value="LONG"><set name="message">too long</set></li>#Newline<li value="* LONG"><set name="message">too long</set></li>#Newline<li value="LONG *"><set name="message">too long</set></li>#Newline<li value="* LONG *"><set name="message">too long</set></li>#Newline#Newline<li value="WAITING"><set name="message">too long</set></li>#Newline<li value="* WAITING"><set name="message">too long</set></li>#Newline<li value="WAITING *"><set name="message">too long</set></li>#Newline<li value="* WAITING *"><set name="message">too long</set></li>#Newline#Newline<li value="WAITING LIST"><set name="message">waiting list</set></li>#Newline<li value="* WAITING LIST"><set name="message">waiting list</set></li>#Newline<li value="WAITING LIST *"><set name="message">waiting list</set></li>#Newline<li value="* WAITING LIST *"><set name="message">waiting list</set></li>#Newline#Newline<li value="CANCEL * TRANSIT"><set name="message">cancel in transit</set></li>#Newline<li value="* CANCEL * TRANSIT"><set name="message">cancel in transit</set></li>#Newline<li value="CANCEL * TRANSIT *"><set name="message">cancel in transit</set></li>#Newline<li value="* CANCEL * TRANSIT *"><set name="message">cancel in transit</set></li>#Newline#Newline<li value="CANCELLING * TRANSIT"><set name="message">cancel in transit</set></li>#Newline<li value="* CANCELLING * TRANSIT"><set name="message">cancel in transit</set></li>#Newline<li value="CANCELLING * TRANSIT *"><set name="message">cancel in transit</set></li>#Newline<li value="* CANCELLING * TRANSIT *"><set name="message">cancel in transit</set></li>#Newline#Newline<li value="TRANSIT * CANCEL"><set name="message">cancel in transit</set></li>#Newline<li value="* TRANSIT * CANCEL"><set name="message">cancel in transit</set></li>#Newline<li value="TRANSIT * CANCEL *"><set name="message">cancel in transit</set></li>#Newline<li value="* TRANSIT * CANCEL *"><set name="message">cancel in transit</set></li>#Newline#Newline<li value="TRANSIT * CANCELLED"><set name="message">cancel in transit</set></li>#Newline<li value="* TRANSIT * CANCELLED"><set name="message">cancel in transit</set></li>#Newline<li value="TRANSIT * CANCELLED *"><set name="message">cancel in transit</set></li>#Newline<li value="* TRANSIT * CANCELLED *"><set name="message">cancel in transit</set></li>#Newline#Newline<li value="NOT FILLED BY"><set name="message">not filled by date</set></li>#Newline<li value="* NOT FILLED BY"><set name="message">not filled by date</set></li>#Newline<li value="NOT FILLED BY *"><set name="message">not filled by date</set></li>#Newline<li value="* NOT FILLED BY *"><set name="message">not filled by date</set></li>#Newline#Newline<li value="* CHANGE DATE * HOLD"><set name="message">not filled by date</set></li>#Newline<li value="* CHANGE * DATE * HOLD"><set name="message">not filled by date</set></li>#Newline<li value="* CHANGE DATE * HOLD *"><set name="message">not filled by date</set></li>#Newline<li value="* CHANGE * DATE * HOLD *"><set name="message">not filled by date</set></li>#Newline<li value="* CHANGE DATE * HOLDS"><set name="message">not filled by date</set></li>#Newline<li value="* CHANGE * DATE * HOLDS"><set name="message">not filled by date</set></li>#Newline<li value="* CHANGE DATE * HOLDS *"><set name="message">not filled by date</set></li>#Newline<li value="* CHANGE * DATE * HOLDS *"><set name="message">not filled by date</set></li>#Newline#Newline<li value="CANNOT ADD"><set name="message">hold limit</set></li>#Newline<li value="* CANNOT ADD"><set name="message">hold limit</set></li>#Newline<li value="CANNOT ADD *"><set name="message">hold limit</set></li>#Newline<li value="* CANNOT ADD *"><set name="message">hold limit</set></li>#Newline#Newline<li value="HOLD FOR ME"><set name="message">hold for me</set></li>#Newline<li value="* HOLD FOR ME"><set name="message">hold for me</set></li>#Newline<li value="HOLD FOR ME *"><set name="message">hold for me</set></li>#Newline<li value="* HOLD FOR ME *"><set name="message">hold for me</set></li>#Newline#Newline<li value="HOLD * FOR ME"><set name="message">hold for me</set></li>#Newline<li value="* HOLD * FOR ME"><set name="message">hold for me</set></li>#Newline<li value="HOLD * FOR ME *"><set name="message">hold for me</set></li>#Newline<li value="* HOLD * FOR ME *"><set name="message">hold for me</set></li>#Newline#Newline<li value="REQUEST FOR ME"><set name="message">hold for me</set></li>#Newline<li value="* REQUEST FOR ME"><set name="message">hold for me</set></li>#Newline<li value="REQUEST FOR ME *"><set name="message">hold for me</set></li>#Newline<li value="* REQUEST FOR ME *"><set name="message">hold for me</set></li>#Newline#Newline<li value="REQUEST * FOR ME"><set name="message">hold for me</set></li>#Newline<li value="* REQUEST * FOR ME"><set name="message">hold for me</set></li>#Newline<li value="REQUEST * FOR ME *"><set name="message">hold for me</set></li>#Newline<li value="* REQUEST * FOR ME *"><set name="message">hold for me</set></li>#Newline#Newline<li value="RESERVE FOR ME"><set name="message">hold for me</set></li>#Newline<li value="* RESERVE FOR ME"><set name="message">hold for me</set></li>#Newline<li value="RESERVE FOR ME *"><set name="message">hold for me</set></li>#Newline<li value="* RESERVE FOR ME *"><set name="message">hold for me</set></li>#Newline#Newline<li value="RESERVE * FOR ME"><set name="message">hold for me</set></li>#Newline<li value="* RESERVE * FOR ME"><set name="message">hold for me</set></li>#Newline<li value="RESERVE * FOR ME *"><set name="message">hold for me</set></li>#Newline<li value="* RESERVE * FOR ME *"><set name="message">hold for me</set></li>#Newline#Newline<li value="CHANGE PICKUP"><set name="message">change pick up location</set></li>#Newline<li value="* CHANGE PICKUP"><set name="message">change pick up location</set></li>#Newline<li value="CHANGE * PICKUP"><set name="message">change pick up location</set></li>#Newline<li value="CHANGE PICKUP *"><set name="message">change pick up location</set></li>#Newline<li value="* CHANGE * PICKUP"><set name="message">change pick up location</set></li>#Newline<li value="CHANGE * PICKUP *"><set name="message">change pick up location</set></li>#Newline<li value="* CHANGE PICKUP *"><set name="message">change pick up location</set></li>#Newline<li value="* CHANGE * PICKUP *"><set name="message">change pick up location</set></li>#Newline#Newline<li value="CHANGE * UP"><set name="message">change pick up location</set></li>#Newline<li value="* CHANGE * UP"><set name="message">change pick up location</set></li>#Newline<li value="CHANGE * UP *"><set name="message">change pick up location</set></li>#Newline<li value="* CHANGE * UP *"><set name="message">change pick up location</set></li>#Newline#Newline<li value="BRANCH"><set name="message">branch</set></li>#Newline<li value="* BRANCH"><set name="message">branch</set></li>#Newline<li value="BRANCH *"><set name="message">branch</set></li>#Newline<li value="* BRANCH *"><set name="message">branch</set></li>#Newline#Newline<li value="BRANCHES"><set name="message">branch</set></li>#Newline<li value="* BRANCHES"><set name="message">branch</set></li>#Newline<li value="BRANCHES *"><set name="message">branch</set></li>#Newline<li value="* BRANCHES *"><set name="message">branch</set></li>#Newline#Newline<li value="LOCATION"><set name="message">branch</set></li>#Newline<li value="* LOCATION"><set name="message">branch</set></li>#Newline<li value="LOCATION *"><set name="message">branch</set></li>#Newline<li value="* LOCATION *"><set name="message">branch</set></li>#Newline#Newline<li value="LOCATIONS"><set name="message">branch</set></li>#Newline<li value="* LOCATIONS"><set name="message">branch</set></li>#Newline<li value="LOCATIONS *"><set name="message">branch</set></li>#Newline<li value="* LOCATIONS *"><set name="message">branch</set></li>#Newline#Newline<li value="NEW"><set name="message">too hot</set></li>#Newline<li value="* NEW"><set name="message">too hot</set></li>#Newline<li value="NEW *"><set name="message">too hot</set></li>#Newline<li value="* NEW *"><set name="message">too hot</set></li>#Newline#Newline<li value="HOT"><set name="message">too hot</set></li>#Newline<li value="* HOT"><set name="message">too hot</set></li>#Newline<li value="HOT *"><set name="message">too hot</set></li>#Newline<li value="* HOT *"><set name="message">too hot</set></li>#Newline#Newline<li value="IPAD"><set name="message">ipad holds</set></li>#Newline<li value="* IPAD"><set name="message">ipad holds</set></li>#Newline<li value="IPAD *"><set name="message">ipad holds</set></li>#Newline<li value="* IPAD *"><set name="message">ipad holds</set></li>#Newline#Newline<li value="IPADS"><set name="message">ipad holds</set></li>#Newline<li value="* IPADS"><set name="message">ipad holds</set></li>#Newline<li value="IPADS *"><set name="message">ipad holds</set></li>#Newline<li value="* IPADS *"><set name="message">ipad holds</set></li>#Newline#Newline<li value="I PAD"><set name="message">ipad holds</set></li>#Newline<li value="* I PAD"><set name="message">ipad holds</set></li>#Newline<li value="I PAD *"><set name="message">ipad holds</set></li>#Newline<li value="* I PAD *"><set name="message">ipad holds</set></li>#Newline#Newline<li value="I PADS"><set name="message">ipad holds</set></li>#Newline<li value="* I PADS"><set name="message">ipad holds</set></li>#Newline<li value="I PADS *"><set name="message">ipad holds</set></li>#Newline<li value="* I PADS *"><set name="message">ipad holds</set></li>#Newline#Newline<li value="STATUS"><set name="message">hold status</set></li>#Newline<li value="* STATUS"><set name="message">hold status</set></li>#Newline<li value="STATUS *"><set name="message">hold status</set></li>#Newline<li value="* STATUS *"><set name="message">hold status</set></li>#Newline#Newline<li value="HOW LONG * IN TRANSIT"><set name="message">transit time</set></li>#Newline<li value="* HOW LONG * IN TRANSIT"><set name="message">transit time</set></li>#Newline<li value="HOW LONG * IN TRANSIT *"><set name="message">transit time</set></li>#Newline<li value="* HOW LONG * IN TRANSIT *"><set name="message">transit time</set></li>#Newline#Newline<li value="PLACE HOLD"><set name="message">place hold</set></li>#Newline<li value="* PLACE HOLD"><set name="message">place hold</set></li>#Newline<li value="PLACE HOLD *"><set name="message">place hold</set></li>#Newline<li value="* PLACE HOLD *"><set name="message">place hold</set></li>#Newline#Newline<li value="CANCEL"><set name="message">cancel hold</set></li>#Newline<li value="* CANCEL"><set name="message">cancel hold</set></li>#Newline<li value="CANCEL *"><set name="message">cancel hold</set></li>#Newline<li value="* CANCEL *"><set name="message">cancel hold</set></li>#Newline#Newline<li value="CANCELLING"><set name="message">cancel hold</set></li>#Newline<li value="* CANCELLING"><set name="message">cancel hold</set></li>#Newline<li value="CANCELLING *"><set name="message">cancel hold</set></li>#Newline<li value="* CANCELLING *"><set name="message">cancel hold</set></li>#Newline#Newline<li value="CHECK"><set name="message">hold status</set></li>#Newline<li value="* CHECK"><set name="message">hold status</set></li>#Newline<li value="CHECK *"><set name="message">hold status</set></li>#Newline<li value="* CHECK *"><set name="message">hold status</set></li>#Newline#Newline<li value="IN"><set name="message">hold status</set></li>#Newline<li value="* IN"><set name="message">hold status</set></li>#Newline<li value="IN *"><set name="message">hold status</set></li>#Newline<li value="* IN *"><set name="message">hold status</set></li>#Newline#Newline<li value="READY"><set name="message">hold status</set></li>#Newline<li value="* READY"><set name="message">hold status</set></li>#Newline<li value="READY *"><set name="message">hold status</set></li>#Newline<li value="* READY *"><set name="message">hold status</set></li>#Newline#Newline<li value="* WHEN * GET *"><set name="message">hold status</set></li>#Newline#Newline<li value="CD"><set name="message">media holds2</set></li>#Newline<li value="* CD"><set name="message">media holds2</set></li>#Newline<li value="CD *"><set name="message">media holds2</set></li>#Newline<li value="* CD *"><set name="message">media holds2</set></li>#Newline#Newline<li value="CDS"><set name="message">media holds2</set></li>#Newline<li value="* CDS"><set name="message">media holds2</set></li>#Newline<li value="CDS *"><set name="message">media holds2</set></li>#Newline<li value="* CDS *"><set name="message">media holds2</set></li>#Newline#Newline<li value="DVD"><set name="message">media holds2</set></li>#Newline<li value="* DVD"><set name="message">media holds2</set></li>#Newline<li value="DVD *"><set name="message">media holds2</set></li>#Newline<li value="* DVD *"><set name="message">media holds2</set></li>#Newline#Newline<li value="DVDS"><set name="message">media holds2</set></li>#Newline<li value="* DVDS"><set name="message">media holds2</set></li>#Newline<li value="DVDS *"><set name="message">media holds2</set></li>#Newline<li value="* DVDS *"><set name="message">media holds2</set></li>#Newline#Newline<li value="MEDIA"><set name="message">media holds2</set></li>#Newline<li value="* MEDIA"><set name="message">media holds2</set></li>#Newline<li value="MEDIA *"><set name="message">media holds2</set></li>#Newline<li value="* MEDIA *"><set name="message">media holds2</set></li>#Newline#Newline<li value="MOVIE"><set name="message">media holds2</set></li>#Newline<li value="* MOVIE"><set name="message">media holds2</set></li>#Newline<li value="MOVIE *"><set name="message">media holds2</set></li>#Newline<li value="* MOVIE *"><set name="message">media holds2</set></li>#Newline#Newline<li value="MOVIES"><set name="message">media holds2</set></li>#Newline<li value="* MOVIES"><set name="message">media holds2</set></li>#Newline<li value="MOVIES *"><set name="message">media holds2</set></li>#Newline<li value="* MOVIES *"><set name="message">media holds2</set></li>#Newline#Newline<li value="SEARCHOHIO"><set name="message">search ohio holds</set></li>#Newline<li value="* SEARCHOHIO"><set name="message">search ohio holds</set></li>#Newline<li value="SEARCHOHIO *"><set name="message">search ohio holds</set></li>#Newline<li value="* SEARCHOHIO *"><set name="message">search ohio holds</set></li>#Newline#Newline<li value="SEARCH OHIO"><set name="message">search ohio holds</set></li>#Newline<li value="* SEARCH OHIO"><set name="message">search ohio holds</set></li>#Newline<li value="SEARCH OHIO *"><set name="message">search ohio holds</set></li>#Newline<li value="* SEARCH OHIO *"><set name="message">search ohio holds</set></li>#Newline#Newline<li value="BACK"><set name="message">pick up time</set></li>#Newline<li value="* BACK"><set name="message">pick up time</set></li>#Newline<li value="BACK *"><set name="message">pick up time</set></li>#Newline<li value="* BACK *"><set name="message">pick up time</set></li>#Newline#Newline<li value="HOLDSHELF"><set name="message">pick up time</set></li>#Newline<li value="* HOLDSHELF"><set name="message">pick up time</set></li>#Newline<li value="HOLDSHELF *"><set name="message">pick up time</set></li>#Newline<li value="* HOLDSHELF *"><set name="message">pick up time</set></li>#Newline#Newline<li value="SHELF"><set name="message">pick up time</set></li>#Newline<li value="* SHELF"><set name="message">pick up time</set></li>#Newline<li value="SHELF *"><set name="message">pick up time</set></li>#Newline<li value="* SHELF *"><set name="message">pick up time</set></li>#Newline#Newline<li value="LONG * GET"><set name="message">pick up time</set></li>#Newline<li value="* LONG * GET"><set name="message">pick up time</set></li>#Newline<li value="LONG * GET *"><set name="message">pick up time</set></li>#Newline<li value="* LONG * GET *"><set name="message">pick up time</set></li>#Newline#Newline<li value="LONG * KEEP"><set name="message">pick up time</set></li>#Newline<li value="* LONG * KEEP"><set name="message">pick up time</set></li>#Newline<li value="LONG * KEEP *"><set name="message">pick up time</set></li>#Newline<li value="* LONG * KEEP *"><set name="message">pick up time</set></li>#Newline#Newline<li value="LONG * PICKUP"><set name="message">pick up time</set></li>#Newline<li value="* LONG * PICKUP"><set name="message">pick up time</set></li>#Newline<li value="LONG * PICKUP *"><set name="message">pick up time</set></li>#Newline<li value="* LONG * PICKUP *"><set name="message">pick up time</set></li>#Newline#Newline<li value="LONG * UP"><set name="message">pick up time</set></li>#Newline<li value="* LONG * UP"><set name="message">pick up time</set></li>#Newline<li value="LONG * UP *"><set name="message">pick up time</set></li>#Newline<li value="* LONG * UP *"><set name="message">pick up time</set></li>#Newline#Newline<li value="TIME * GET"><set name="message">pick up time</set></li>#Newline<li value="* TIME * GET"><set name="message">pick up time</set></li>#Newline<li value="TIME * GET *"><set name="message">pick up time</set></li>#Newline<li value="* TIME * GET *"><set name="message">pick up time</set></li>#Newline#Newline<li value="TIME * KEEP"><set name="message">pick up time</set></li>#Newline<li value="* TIME * KEEP"><set name="message">pick up time</set></li>#Newline<li value="TIME * KEEP *"><set name="message">pick up time</set></li>#Newline<li value="* TIME * KEEP *"><set name="message">pick up time</set></li>#Newline#Newline<li value="TIME * PICKUP"><set name="message">pick up time</set></li>#Newline<li value="* TIME * PICKUP"><set name="message">pick up time</set></li>#Newline<li value="TIME * PICKUP *"><set name="message">pick up time</set></li>#Newline<li value="* TIME * PICKUP *"><set name="message">pick up time</set></li>#Newline#Newline<li value="TIME * UP"><set name="message">pick up time</set></li>#Newline<li value="* TIME * UP"><set name="message">pick up time</set></li>#Newline<li value="TIME * UP *"><set name="message">pick up time</set></li>#Newline<li value="* TIME * UP *"><set name="message">pick up time</set></li>#Newline#Newline<li value="FREEZE"><set name="message">freezing holds</set></li>#Newline<li value="* FREEZE"><set name="message">freezing holds</set></li>#Newline<li value="FREEZE *"><set name="message">freezing holds</set></li>#Newline<li value="* FREEZE *"><set name="message">freezing holds</set></li>#Newline#Newline<li value="FREEZING"><set name="message">freezing holds</set></li>#Newline<li value="* FREEZING"><set name="message">freezing holds</set></li>#Newline<li value="FREEZING *"><set name="message">freezing holds</set></li>#Newline<li value="* FREEZING *"><set name="message">freezing holds</set></li>#Newline#Newline<li value="FROZEN"><set name="message">freezing holds</set></li>#Newline<li value="* FROZEN"><set name="message">freezing holds</set></li>#Newline<li value="FROZEN *"><set name="message">freezing holds</set></li>#Newline<li value="* FROZEN *"><set name="message">freezing holds</set></li>#Newline#Newline<li value="UNFREEZE"><set name="message">thaw holds</set></li>#Newline<li value="* UNFREEZE"><set name="message">thaw holds</set></li>#Newline<li value="UNFREEZE *"><set name="message">thaw holds</set></li>#Newline<li value="* UNFREEZE *"><set name="message">thaw holds</set></li>#Newline#Newline<li value="UNFREEZING"><set name="message">thaw holds</set></li>#Newline<li value="* UNFREEZING"><set name="message">thaw holds</set></li>#Newline<li value="UNFREEZING *"><set name="message">thaw holds</set></li>#Newline<li value="* UNFREEZING *"><set name="message">thaw holds</set></li>#Newline#Newline<li value="THAW"><set name="message">thaw holds</set></li>#Newline<li value="* THAW"><set name="message">thaw holds</set></li>#Newline<li value="THAW *"><set name="message">thaw holds</set></li>#Newline<li value="* THAW *"><set name="message">thaw holds</set></li>#Newline#Newline<li value="THAWING"><set name="message">thaw holds</set></li>#Newline<li value="* THAWING"><set name="message">thaw holds</set></li>#Newline<li value="THAWING *"><set name="message">thaw holds</set></li>#Newline<li value="* THAWING *"><set name="message">thaw holds</set></li>#Newline#Newline<li value="THAWING"><set name="message">where are the holds</set></li>#Newline<li value="* THAWING"><set name="message">where are the holds</set></li>#Newline<li value="THAWING *"><set name="message">where are the holds</set></li>#Newline<li value="* THAWING *"><set name="message">where are the holds</set></li>#Newline#Newline<li value="WHERE"><set name="message">where are the holds</set></li>#Newline<li value="* WHERE"><set name="message">where are the holds</set></li>#Newline<li value="WHERE *"><set name="message">where are the holds</set></li>#Newline<li value="* WHERE *"><set name="message">where are the holds</set></li>#Newline#Newline<li value="MANY"><set name="message">max holds</set></li>#Newline<li value="* MANY"><set name="message">max holds</set></li>#Newline<li value="MANY *"><set name="message">max holds</set></li>#Newline<li value="* MANY *"><set name="message">max holds</set></li>#Newline#Newline<li value="NUMBER"><set name="message">max holds</set></li>#Newline<li value="* NUMBER"><set name="message">max holds</set></li>#Newline<li value="NUMBER *"><set name="message">max holds</set></li>#Newline<li value="* NUMBER *"><set name="message">max holds</set></li>#Newline#Newline<li value="GO THRU"><set name="message">placed ok</set></li>#Newline<li value="* GO THRU"><set name="message">placed ok</set></li>#Newline<li value="GO THRU *"><set name="message">placed ok</set></li>#Newline<li value="* GO THRU *"><set name="message">placed ok</set></li>#Newline#Newline<li value="GO THROUGH"><set name="message">placed ok</set></li>#Newline<li value="* GO THROUGH"><set name="message">placed ok</set></li>#Newline<li value="GO THROUGH *"><set name="message">placed ok</set></li>#Newline<li value="* GO THROUGH *"><set name="message">placed ok</set></li>#Newline#Newline<li value="SUCCESSFUL"><set name="message">placed ok</set></li>#Newline<li value="* SUCCESSFUL"><set name="message">placed ok</set></li>#Newline<li value="SUCCESSFUL *"><set name="message">placed ok</set></li>#Newline<li value="* SUCCESSFUL *"><set name="message">placed ok</set></li>#Newline#Newline<li value="SUCCESSFULLY"><set name="message">placed ok</set></li>#Newline<li value="* SUCCESSFULLY"><set name="message">placed ok</set></li>#Newline<li value="SUCCESSFULLY *"><set name="message">placed ok</set></li>#Newline<li value="* SUCCESSFULLY *"><set name="message">placed ok</set></li>#Newline#Newline<li value="WENT THRU"><set name="message">placed ok</set></li>#Newline<li value="* WENT THRU"><set name="message">placed ok</set></li>#Newline<li value="WENT THRU *"><set name="message">placed ok</set></li>#Newline<li value="* WENT THRU *"><set name="message">placed ok</set></li>#Newline#Newline<li value="WENT THROUGH"><set name="message">placed ok</set></li>#Newline<li value="* WENT THROUGH"><set name="message">placed ok</set></li>#Newline<li value="WENT THROUGH *"><set name="message">placed ok</set></li>#Newline<li value="* WENT THROUGH *"><set name="message">placed ok</set></li>#Newline#Newline<li value="ON HOLDSHELF"><set name="message">on holdshelf status</set></li>#Newline<li value="* ON HOLDSHELF"><set name="message">on holdshelf status</set></li>#Newline<li value="ON HOLDSHELF *"><set name="message">on holdshelf status</set></li>#Newline<li value="* ON HOLDSHELF *"><set name="message">on holdshelf status</set></li>#Newline#Newline<li value="DATE"><set name="message">hold expiration date</set></li>#Newline<li value="* DATE"><set name="message">hold expiration date</set></li>#Newline<li value="DATE *"><set name="message">hold expiration date</set></li>#Newline<li value="* DATE *"><set name="message">hold expiration date</set></li>#Newline#Newline<li value="CANNOT"><set name="message">hold fail</set></li>#Newline<li value="* CANNOT"><set name="message">hold fail</set></li>#Newline<li value="CANNOT *"><set name="message">hold fail</set></li>#Newline<li value="* CANNOT *"><set name="message">hold fail</set></li>#Newline#Newline<li value="NOT"><set name="message">hold fail</set></li>#Newline<li value="* NOT"><set name="message">hold fail</set></li>#Newline<li value="NOT *"><set name="message">hold fail</set></li>#Newline<li value="* NOT *"><set name="message">hold fail</set></li>#Newline#Newline<li value="VACATION"><set name="message">vacation</set></li>#Newline<li value="* VACATION"><set name="message">vacation</set></li>#Newline<li value="VACATION *"><set name="message">vacation</set></li>#Newline<li value="* VACATION *"><set name="message">vacation</set></li>#Newline#Newline<li value="HIGH"><set name="message">mhs</set></li>#Newline<li value="* HIGH"><set name="message">mhs</set></li>#Newline<li value="HIGH *"><set name="message">mhs</set></li>#Newline<li value="* HIGH *"><set name="message">mhs</set></li>#Newline#Newline<li value="MHS"><set name="message">mhs</set></li>#Newline<li value="* MHS"><set name="message">mhs</set></li>#Newline<li value="MHS *"><set name="message">mhs</set></li>#Newline<li value="* MHS *"><set name="message">mhs</set></li>#Newline#Newline<li value="CALL"><set name="message">notices</set></li>#Newline<li value="* CALL"><set name="message">notices</set></li>#Newline<li value="CALL *"><set name="message">notices</set></li>#Newline<li value="* CALL *"><set name="message">notices</set></li>#Newline#Newline<li value="CALLED"><set name="message">notices</set></li>#Newline<li value="* CALLED"><set name="message">notices</set></li>#Newline<li value="CALLED *"><set name="message">notices</set></li>#Newline<li value="* CALLED *"><set name="message">notices</set></li>#Newline#Newline<li value="CALLS"><set name="message">notices</set></li>#Newline<li value="* CALLS"><set name="message">notices</set></li>#Newline<li value="CALLS *"><set name="message">notices</set></li>#Newline<li value="* CALLS *"><set name="message">notices</set></li>#Newline#Newline<li value="EMAIL"><set name="message">notices</set></li>#Newline<li value="* EMAIL"><set name="message">notices</set></li>#Newline<li value="EMAIL *"><set name="message">notices</set></li>#Newline<li value="* EMAIL *"><set name="message">notices</set></li>#Newline#Newline<li value="EMAILS"><set name="message">notices</set></li>#Newline<li value="* EMAILS"><set name="message">notices</set></li>#Newline<li value="EMAILS *"><set name="message">notices</set></li>#Newline<li value="* EMAILS *"><set name="message">notices</set></li>#Newline#Newline<li value="NOTICE"><set name="message">notices</set></li>#Newline<li value="* NOTICE"><set name="message">notices</set></li>#Newline<li value="NOTICE *"><set name="message">notices</set></li>#Newline<li value="* NOTICE *"><set name="message">notices</set></li>#Newline#Newline<li value="NOTICES"><set name="message">notices</set></li>#Newline<li value="* NOTICES"><set name="message">notices</set></li>#Newline<li value="NOTICES *"><set name="message">notices</set></li>#Newline<li value="* NOTICES *"><set name="message">notices</set></li>#Newline#Newline<li value="NOTIFICATION"><set name="message">notices</set></li>#Newline<li value="* NOTIFICATION"><set name="message">notices</set></li>#Newline<li value="NOTIFICATION *"><set name="message">notices</set></li>#Newline<li value="* NOTIFICATION *"><set name="message">notices</set></li>#Newline#Newline<li value="NOTIFICATIONS"><set name="message">notices</set></li>#Newline<li value="* NOTIFICATIONS"><set name="message">notices</set></li>#Newline<li value="NOTIFICATIONS *"><set name="message">notices</set></li>#Newline<li value="* NOTIFICATIONS *"><set name="message">notices</set></li>#Newline#Newline<li value="PHONE"><set name="message">notices</set></li>#Newline<li value="* PHONE"><set name="message">notices</set></li>#Newline<li value="PHONE *"><set name="message">notices</set></li>#Newline<li value="* PHONE *"><set name="message">notices</set></li>#Newline#Newline<li value="TEXT"><set name="message">notices</set></li>#Newline<li value="* TEXT"><set name="message">notices</set></li>#Newline<li value="TEXT *"><set name="message">notices</set></li>#Newline<li value="* TEXT *"><set name="message">notices</set></li>#Newline#Newline<li value="TEXTS"><set name="message">notices</set></li>#Newline<li value="* TEXTS"><set name="message">notices</set></li>#Newline<li value="TEXTS *"><set name="message">notices</set></li>#Newline<li value="* TEXTS *"><set name="message">notices</set></li>#Newline#Newline<li value="FUTURE"><set name="message">future releases</set></li>#Newline<li value="* FUTURE"><set name="message">future releases</set></li>#Newline<li value="FUTURE *"><set name="message">future releases</set></li>#Newline<li value="* FUTURE *"><set name="message">future releases</set></li>#Newline#Newline<li value="RELEASED"><set name="message">future releases</set></li>#Newline<li value="* RELEASED"><set name="message">future releases</set></li>#Newline<li value="RELEASED *"><set name="message">future releases</set></li>#Newline<li value="* RELEASED *"><set name="message">future releases</set></li>#Newline#Newline<li value="LAPTOP"><set name="message">laptop holds</set></li>#Newline<li value="* LAPTOP"><set name="message">laptop holds</set></li>#Newline<li value="LAPTOP *"><set name="message">laptop holds</set></li>#Newline<li value="* LAPTOP *"><set name="message">laptop holds</set></li>#Newline#Newline<li value="LAPTOPS"><set name="message">laptop holds</set></li>#Newline<li value="* LAPTOPS"><set name="message">laptop holds</set></li>#Newline<li value="LAPTOPS *"><set name="message">laptop holds</set></li>#Newline<li value="* LAPTOPS *"><set name="message">laptop holds</set></li>#Newline#Newline<li value="LAP TOP"><set name="message">laptop holds</set></li>#Newline<li value="* LAP TOP"><set name="message">laptop holds</set></li>#Newline<li value="LAP TOP *"><set name="message">laptop holds</set></li>#Newline<li value="* LAP TOP *"><set name="message">laptop holds</set></li>#Newline#Newline<li value="LAP TOPS"><set name="message">laptop holds</set></li>#Newline<li value="* LAP TOPS"><set name="message">laptop holds</set></li>#Newline<li value="LAP TOPS *"><set name="message">laptop holds</set></li>#Newline<li value="* LAP TOPS *"><set name="message">laptop holds</set></li>#Newline#Newline<li value="CHECKED OUT"><set name="message">hold item out</set></li>#Newline<li value="* CHECKED OUT"><set name="message">hold item out</set></li>#Newline<li value="CHECKED OUT *"><set name="message">hold item out</set></li>#Newline<li value="* CHECKED OUT *"><set name="message">hold item out</set></li>#Newline#Newline<li value="WHAT DOES * OF * HOLDS MEAN"><set name="message">x of y</set></li>#Newline#Newline<li value="TEACHER * OHIOLINK"><set name="message">tcard ill</set></li>#Newline<li value="* TEACHER * OHIOLINK"><set name="message">tcard ill</set></li>#Newline<li value="TEACHER * OHIOLINK *"><set name="message">tcard ill</set></li>#Newline<li value="* TEACHER * OHIOLINK *"><set name="message">tcard ill</set></li>#Newline#Newline<li value="TEACHER * OHIO LINK"><set name="message">tcard ill</set></li>#Newline<li value="* TEACHER * OHIO LINK"><set name="message">tcard ill</set></li>#Newline<li value="TEACHER * OHIO LINK *"><set name="message">tcard ill</set></li>#Newline<li value="* TEACHER * OHIO LINK *"><set name="message">tcard ill</set></li>#Newline#Newline<li value="TEACHER * SEARCHOHIO"><set name="message">tcard ill</set></li>#Newline<li value="* TEACHER * SEARCHOHIO"><set name="message">tcard ill</set></li>#Newline<li value="TEACHER * SEARCHOHIO *"><set name="message">tcard ill</set></li>#Newline<li value="* TEACHER * SEARCHOHIO *"><set name="message">tcard ill</set></li>#Newline#Newline<li value="TEACHER * SEARCH OHIO"><set name="message">tcard ill</set></li>#Newline<li value="* TEACHER * SEARCH OHIO"><set name="message">tcard ill</set></li>#Newline<li value="TEACHER * SEARCH OHIO *"><set name="message">tcard ill</set></li>#Newline<li value="* TEACHER * SEARCH OHIO *"><set name="message">tcard ill</set></li>#Newline#Newline<li value="TEACHERS * OHIOLINK"><set name="message">tcard ill</set></li>#Newline<li value="* TEACHERS * OHIOLINK"><set name="message">tcard ill</set></li>#Newline<li value="TEACHERS * OHIOLINK *"><set name="message">tcard ill</set></li>#Newline<li value="* TEACHERS * OHIOLINK *"><set name="message">tcard ill</set></li>#Newline#Newline<li value="TEACHERS * OHIO LINK"><set name="message">tcard ill</set></li>#Newline<li value="* TEACHERS * OHIO LINK"><set name="message">tcard ill</set></li>#Newline<li value="TEACHERS * OHIO LINK *"><set name="message">tcard ill</set></li>#Newline<li value="* TEACHERS * OHIO LINK *"><set name="message">tcard ill</set></li>#Newline#Newline<li value="TEACHERS * SEARCHOHIO"><set name="message">tcard ill</set></li>#Newline<li value="* TEACHERS * SEARCHOHIO"><set name="message">tcard ill</set></li>#Newline<li value="TEACHERS * SEARCHOHIO *"><set name="message">tcard ill</set></li>#Newline<li value="* TEACHERS * SEARCHOHIO *"><set name="message">tcard ill</set></li>#Newline#Newline<li value="TEACHERS * SEARCH OHIO"><set name="message">tcard ill</set></li>#Newline<li value="* TEACHERS * SEARCH OHIO"><set name="message">tcard ill</set></li>#Newline<li value="TEACHERS * SEARCH OHIO *"><set name="message">tcard ill</set></li>#Newline<li value="* TEACHERS * SEARCH OHIO *"><set name="message">tcard ill</set></li>#Newline#Newline<li value="TEACHER S * OHIOLINK"><set name="message">tcard ill</set></li>#Newline<li value="* TEACHER S * OHIOLINK"><set name="message">tcard ill</set></li>#Newline<li value="TEACHER S * OHIOLINK *"><set name="message">tcard ill</set></li>#Newline<li value="* TEACHER S * OHIOLINK *"><set name="message">tcard ill</set></li>#Newline#Newline<li value="TEACHER S * OHIO LINK"><set name="message">tcard ill</set></li>#Newline<li value="* TEACHER S * OHIO LINK"><set name="message">tcard ill</set></li>#Newline<li value="TEACHER S * OHIO LINK *"><set name="message">tcard ill</set></li>#Newline<li value="* TEACHER S * OHIO LINK *"><set name="message">tcard ill</set></li>#Newline#Newline<li value="TEACHER S * SEARCHOHIO"><set name="message">tcard ill</set></li>#Newline<li value="* TEACHER S * SEARCHOHIO"><set name="message">tcard ill</set></li>#Newline<li value="TEACHER S * SEARCHOHIO *"><set name="message">tcard ill</set></li>#Newline<li value="* TEACHER S * SEARCHOHIO *"><set name="message">tcard ill</set></li>#Newline#Newline<li value="TEACHER S * SEARCH OHIO"><set name="message">tcard ill</set></li>#Newline<li value="* TEACHER S * SEARCH OHIO"><set name="message">tcard ill</set></li>#Newline<li value="TEACHER S * SEARCH OHIO *"><set name="message">tcard ill</set></li>#Newline<li value="* TEACHER S * SEARCH OHIO *"><set name="message">tcard ill</set></li>#Newline#Newline<li value="OHIOLINK * TEACHER"><set name="message">tcard ill</set></li>#Newline<li value="* OHIOLINK * TEACHER"><set name="message">tcard ill</set></li>#Newline<li value="OHIOLINK * TEACHER *"><set name="message">tcard ill</set></li>#Newline<li value="* OHIOLINK * TEACHER *"><set name="message">tcard ill</set></li>#Newline#Newline<li value="OHIO LINK * TEACHER"><set name="message">tcard ill</set></li>#Newline<li value="* OHIO LINK * TEACHER"><set name="message">tcard ill</set></li>#Newline<li value="OHIO LINK * TEACHER *"><set name="message">tcard ill</set></li>#Newline<li value="* OHIO LINK * TEACHER *"><set name="message">tcard ill</set></li>#Newline#Newline<li value="SEARCHOHIO * TEACHER"><set name="message">tcard ill</set></li>#Newline<li value="* SEARCHOHIO * TEACHER"><set name="message">tcard ill</set></li>#Newline<li value="SEARCHOHIO * TEACHER *"><set name="message">tcard ill</set></li>#Newline<li value="* SEARCHOHIO * TEACHER *"><set name="message">tcard ill</set></li>#Newline#Newline<li value="SEARCH OHIO * TEACHER"><set name="message">tcard ill</set></li>#Newline<li value="* SEARCH OHIO * TEACHER"><set name="message">tcard ill</set></li>#Newline<li value="SEARCH OHIO * TEACHER *"><set name="message">tcard ill</set></li>#Newline<li value="* SEARCH OHIO * TEACHER *"><set name="message">tcard ill</set></li>#Newline#Newline<li value="TEACHER * ANOTHER"><set name="message">tcard ill</set></li>#Newline<li value="* TEACHER * ANOTHER"><set name="message">tcard ill</set></li>#Newline<li value="TEACHER * ANOTHER *"><set name="message">tcard ill</set></li>#Newline<li value="* TEACHER * ANOTHER *"><set name="message">tcard ill</set></li>#Newline#Newline<li value="TEACHER * OTHER"><set name="message">tcard ill</set></li>#Newline<li value="* TEACHER * OTHER"><set name="message">tcard ill</set></li>#Newline<li value="TEACHER * OTHER *"><set name="message">tcard ill</set></li>#Newline<li value="* TEACHER * OTHER *"><set name="message">tcard ill</set></li>#Newline#Newline<li value="TEACHERS * ANOTHER"><set name="message">tcard ill</set></li>#Newline<li value="* TEACHERS * ANOTHER"><set name="message">tcard ill</set></li>#Newline<li value="TEACHERS * ANOTHER *"><set name="message">tcard ill</set></li>#Newline<li value="* TEACHERS * ANOTHER *"><set name="message">tcard ill</set></li>#Newline#Newline<li value="TEACHERS * OTHER"><set name="message">tcard ill</set></li>#Newline<li value="* TEACHERS * OTHER"><set name="message">tcard ill</set></li>#Newline<li value="TEACHERS * OTHER *"><set name="message">tcard ill</set></li>#Newline<li value="* TEACHERS * OTHER *"><set name="message">tcard ill</set></li>#Newline#Newline<li value="TEACHER S * ANOTHER"><set name="message">tcard ill</set></li>#Newline<li value="* TEACHER S * ANOTHER"><set name="message">tcard ill</set></li>#Newline<li value="TEACHER S * ANOTHER *"><set name="message">tcard ill</set></li>#Newline<li value="* TEACHER S * ANOTHER *"><set name="message">tcard ill</set></li>#Newline#Newline<li value="TEACHER S * OTHER"><set name="message">tcard ill</set></li>#Newline<li value="* TEACHER S * OTHER"><set name="message">tcard ill</set></li>#Newline<li value="TEACHER S * OTHER *"><set name="message">tcard ill</set></li>#Newline<li value="* TEACHER S * OTHER *"><set name="message">tcard ill</set></li>#Newline#Newline<li value="MAXIMUM"><set name="message">maxholds</set></li>#Newline<li value="* MAXIMUM"><set name="message">maxholds</set></li>#Newline<li value="MAXIMUM *"><set name="message">maxholds</set></li>#Newline<li value="* MAXIMUM *"><set name="message">maxholds</set></li>#Newline#Newline<li value="ADD ITEM"><set name="message">purchreq</set></li>#Newline<li value="* ADD ITEM"><set name="message">purchreq</set></li>#Newline<li value="ADD ITEM *"><set name="message">purchreq</set></li>#Newline<li value="* ADD ITEM *"><set name="message">purchreq</set></li>#Newline#Newline<li value="ADD ITEMS"><set name="message">purchreq</set></li>#Newline<li value="* ADD ITEMS"><set name="message">purchreq</set></li>#Newline<li value="ADD ITEMS *"><set name="message">purchreq</set></li>#Newline<li value="* ADD ITEMS *"><set name="message">purchreq</set></li>#Newline#Newline<li value="BUY ITEM"><set name="message">purchreq</set></li>#Newline<li value="* BUY ITEM"><set name="message">purchreq</set></li>#Newline<li value="BUY ITEM *"><set name="message">purchreq</set></li>#Newline<li value="* BUY ITEM *"><set name="message">purchreq</set></li>#Newline#Newline<li value="BUY ITEMS"><set name="message">purchreq</set></li>#Newline<li value="* BUY ITEMS"><set name="message">purchreq</set></li>#Newline<li value="BUY ITEMS *"><set name="message">purchreq</set></li>#Newline<li value="* BUY ITEMS *"><set name="message">purchreq</set></li>#Newline#Newline<li value="VERIFICATION"><set name="message">verify holds</set></li>#Newline<li value="* VERIFICATION"><set name="message">verify holds</set></li>#Newline<li value="VERIFICATION *"><set name="message">verify holds</set></li>#Newline<li value="* VERIFICATION *"><set name="message">verify holds</set></li>#Newline#Newline<li value="VERIFY"><set name="message">verify holds</set></li>#Newline<li value="* VERIFY"><set name="message">verify holds</set></li>#Newline<li value="VERIFY *"><set name="message">verify holds</set></li>#Newline<li value="* VERIFY *"><set name="message">verify holds</set></li>#Newline#Newline<li value="VERIFYING"><set name="message">verify holds</set></li>#Newline<li value="* VERIFYING"><set name="message">verify holds</set></li>#Newline<li value="VERIFYING *"><set name="message">verify holds</set></li>#Newline<li value="* VERIFYING *"><set name="message">verify holds</set></li>#Newline#Newline<li value="CANNOT ADD"><set name="message">cannot add holds</set></li>#Newline<li value="* CANNOT ADD"><set name="message">cannot add holds</set></li>#Newline<li value="CANNOT ADD *"><set name="message">cannot add holds</set></li>#Newline<li value="* CANNOT ADD *"><set name="message">cannot add holds</set></li>#Newline#Newline<li value="NOT ADD"><set name="message">cannot add holds</set></li>#Newline<li value="* NOT ADD"><set name="message">cannot add holds</set></li>#Newline<li value="NOT ADD *"><set name="message">cannot add holds</set></li>#Newline<li value="* NOT ADD *"><set name="message">cannot add holds</set></li>#Newline#Newline<li value="ANOTHER BRANCH"><set name="message">item at another location</set></li>#Newline<li value="* ANOTHER BRANCH"><set name="message">item at another location</set></li>#Newline<li value="ANOTHER * BRANCH"><set name="message">item at another location</set></li>#Newline<li value="ANOTHER BRANCH *"><set name="message">item at another location</set></li>#Newline<li value="* ANOTHER * BRANCH"><set name="message">item at another location</set></li>#Newline<li value="ANOTHER * BRANCH *"><set name="message">item at another location</set></li>#Newline<li value="* ANOTHER BRANCH *"><set name="message">item at another location</set></li>#Newline<li value="* ANOTHER * BRANCH *"><set name="message">item at another location</set></li>#Newline#Newline<li value="ANOTHER BRANCHES"><set name="message">item at another location</set></li>#Newline<li value="* ANOTHER BRANCHES"><set name="message">item at another location</set></li>#Newline<li value="ANOTHER * BRANCHES"><set name="message">item at another location</set></li>#Newline<li value="ANOTHER BRANCHES *"><set name="message">item at another location</set></li>#Newline<li value="* ANOTHER * BRANCHES"><set name="message">item at another location</set></li>#Newline<li value="ANOTHER * BRANCHES *"><set name="message">item at another location</set></li>#Newline<li value="* ANOTHER BRANCHES *"><set name="message">item at another location</set></li>#Newline<li value="* ANOTHER * BRANCHES *"><set name="message">item at another location</set></li>#Newline#Newline<li value="ANOTHER LOCATION"><set name="message">item at another location</set></li>#Newline<li value="* ANOTHER LOCATION"><set name="message">item at another location</set></li>#Newline<li value="ANOTHER * LOCATION"><set name="message">item at another location</set></li>#Newline<li value="ANOTHER LOCATION *"><set name="message">item at another location</set></li>#Newline<li value="* ANOTHER * LOCATION"><set name="message">item at another location</set></li>#Newline<li value="ANOTHER * LOCATION *"><set name="message">item at another location</set></li>#Newline<li value="* ANOTHER LOCATION *"><set name="message">item at another location</set></li>#Newline<li value="* ANOTHER * LOCATION *"><set name="message">item at another location</set></li>#Newline#Newline<li value="ANOTHER LOCATIONS"><set name="message">item at another location</set></li>#Newline<li value="* ANOTHER LOCATIONS"><set name="message">item at another location</set></li>#Newline<li value="ANOTHER * LOCATIONS"><set name="message">item at another location</set></li>#Newline<li value="ANOTHER LOCATIONS *"><set name="message">item at another location</set></li>#Newline<li value="* ANOTHER * LOCATIONS"><set name="message">item at another location</set></li>#Newline<li value="ANOTHER * LOCATIONS *"><set name="message">item at another location</set></li>#Newline<li value="* ANOTHER LOCATIONS *"><set name="message">item at another location</set></li>#Newline<li value="* ANOTHER * LOCATIONS *"><set name="message">item at another location</set></li>#Newline#Newline<li value="DIFFERENT BRANCH"><set name="message">item at another location</set></li>#Newline<li value="* DIFFERENT BRANCH"><set name="message">item at another location</set></li>#Newline<li value="DIFFERENT * BRANCH"><set name="message">item at another location</set></li>#Newline<li value="DIFFERENT BRANCH *"><set name="message">item at another location</set></li>#Newline<li value="* DIFFERENT * BRANCH"><set name="message">item at another location</set></li>#Newline<li value="DIFFERENT * BRANCH *"><set name="message">item at another location</set></li>#Newline<li value="* DIFFERENT BRANCH *"><set name="message">item at another location</set></li>#Newline<li value="* DIFFERENT * BRANCH *"><set name="message">item at another location</set></li>#Newline#Newline<li value="DIFFERENT BRANCHES"><set name="message">item at another location</set></li>#Newline<li value="* DIFFERENT BRANCHES"><set name="message">item at another location</set></li>#Newline<li value="DIFFERENT * BRANCHES"><set name="message">item at another location</set></li>#Newline<li value="DIFFERENT BRANCHES *"><set name="message">item at another location</set></li>#Newline<li value="* DIFFERENT * BRANCHES"><set name="message">item at another location</set></li>#Newline<li value="DIFFERENT * BRANCHES *"><set name="message">item at another location</set></li>#Newline<li value="* DIFFERENT BRANCHES *"><set name="message">item at another location</set></li>#Newline<li value="* DIFFERENT * BRANCHES *"><set name="message">item at another location</set></li>#Newline#Newline<li value="DIFFERENT LOCATION"><set name="message">item at another location</set></li>#Newline<li value="* DIFFERENT LOCATION"><set name="message">item at another location</set></li>#Newline<li value="DIFFERENT * LOCATION"><set name="message">item at another location</set></li>#Newline<li value="DIFFERENT LOCATION *"><set name="message">item at another location</set></li>#Newline<li value="* DIFFERENT * LOCATION"><set name="message">item at another location</set></li>#Newline<li value="DIFFERENT * LOCATION *"><set name="message">item at another location</set></li>#Newline<li value="* DIFFERENT LOCATION *"><set name="message">item at another location</set></li>#Newline<li value="* DIFFERENT * LOCATION *"><set name="message">item at another location</set></li>#Newline#Newline<li value="DIFFERENT LOCATIONS"><set name="message">item at another location</set></li>#Newline<li value="* DIFFERENT LOCATIONS"><set name="message">item at another location</set></li>#Newline<li value="DIFFERENT * LOCATIONS"><set name="message">item at another location</set></li>#Newline<li value="DIFFERENT LOCATIONS *"><set name="message">item at another location</set></li>#Newline<li value="* DIFFERENT * LOCATIONS"><set name="message">item at another location</set></li>#Newline<li value="DIFFERENT * LOCATIONS *"><set name="message">item at another location</set></li>#Newline<li value="* DIFFERENT LOCATIONS *"><set name="message">item at another location</set></li>#Newline<li value="* DIFFERENT * LOCATIONS *"><set name="message">item at another location</set></li>#Newline#Newline<li value="OTHER BRANCH"><set name="message">item at another location</set></li>#Newline<li value="* OTHER BRANCH"><set name="message">item at another location</set></li>#Newline<li value="OTHER * BRANCH"><set name="message">item at another location</set></li>#Newline<li value="OTHER BRANCH *"><set name="message">item at another location</set></li>#Newline<li value="* OTHER * BRANCH"><set name="message">item at another location</set></li>#Newline<li value="OTHER * BRANCH *"><set name="message">item at another location</set></li>#Newline<li value="* OTHER BRANCH *"><set name="message">item at another location</set></li>#Newline<li value="* OTHER * BRANCH *"><set name="message">item at another location</set></li>#Newline#Newline<li value="OTHER BRANCHES"><set name="message">item at another location</set></li>#Newline<li value="* OTHER BRANCHES"><set name="message">item at another location</set></li>#Newline<li value="OTHER * BRANCHES"><set name="message">item at another location</set></li>#Newline<li value="OTHER BRANCHES *"><set name="message">item at another location</set></li>#Newline<li value="* OTHER * BRANCHES"><set name="message">item at another location</set></li>#Newline<li value="OTHER * BRANCHES *"><set name="message">item at another location</set></li>#Newline<li value="* OTHER BRANCHES *"><set name="message">item at another location</set></li>#Newline<li value="* OTHER * BRANCHES *"><set name="message">item at another location</set></li>#Newline#Newline<li value="OTHER LOCATION"><set name="message">item at another location</set></li>#Newline<li value="* OTHER LOCATION"><set name="message">item at another location</set></li>#Newline<li value="OTHER * LOCATION"><set name="message">item at another location</set></li>#Newline<li value="OTHER LOCATION *"><set name="message">item at another location</set></li>#Newline<li value="* OTHER * LOCATION"><set name="message">item at another location</set></li>#Newline<li value="OTHER * LOCATION *"><set name="message">item at another location</set></li>#Newline<li value="* OTHER LOCATION *"><set name="message">item at another location</set></li>#Newline<li value="* OTHER * LOCATION *"><set name="message">item at another location</set></li>#Newline#Newline<li value="OTHER LOCATIONS"><set name="message">item at another location</set></li>#Newline<li value="* OTHER LOCATIONS"><set name="message">item at another location</set></li>#Newline<li value="OTHER * LOCATIONS"><set name="message">item at another location</set></li>#Newline<li value="OTHER LOCATIONS *"><set name="message">item at another location</set></li>#Newline<li value="* OTHER * LOCATIONS"><set name="message">item at another location</set></li>#Newline<li value="OTHER * LOCATIONS *"><set name="message">item at another location</set></li>#Newline<li value="* OTHER LOCATIONS *"><set name="message">item at another location</set></li>#Newline<li value="* OTHER * LOCATIONS *"><set name="message">item at another location</set></li>#Newline#Newline<li value="ANOTHER LIBRARY"><set name="message">item at another library</set></li>#Newline<li value="* ANOTHER LIBRARY"><set name="message">item at another library</set></li>#Newline<li value="ANOTHER * LIBRARY"><set name="message">item at another library</set></li>#Newline<li value="ANOTHER LIBRARY *"><set name="message">item at another library</set></li>#Newline<li value="* ANOTHER * LIBRARY"><set name="message">item at another library</set></li>#Newline<li value="ANOTHER * LIBRARY *"><set name="message">item at another library</set></li>#Newline<li value="* ANOTHER LIBRARY *"><set name="message">item at another library</set></li>#Newline<li value="* ANOTHER * LIBRARY *"><set name="message">item at another library</set></li>#Newline#Newline<li value="ANOTHER LIBRARIES"><set name="message">item at another library</set></li>#Newline<li value="* ANOTHER LIBRARIES"><set name="message">item at another library</set></li>#Newline<li value="ANOTHER * LIBRARIES"><set name="message">item at another library</set></li>#Newline<li value="ANOTHER LIBRARIES *"><set name="message">item at another library</set></li>#Newline<li value="* ANOTHER * LIBRARIES"><set name="message">item at another library</set></li>#Newline<li value="ANOTHER * LIBRARIES *"><set name="message">item at another library</set></li>#Newline<li value="* ANOTHER LIBRARIES *"><set name="message">item at another library</set></li>#Newline<li value="* ANOTHER * LIBRARIES *"><set name="message">item at another library</set></li>#Newline#Newline<li value="ANOTHER SYSTEM"><set name="message">item at another library</set></li>#Newline<li value="* ANOTHER SYSTEM"><set name="message">item at another library</set></li>#Newline<li value="ANOTHER * SYSTEM"><set name="message">item at another library</set></li>#Newline<li value="ANOTHER SYSTEM *"><set name="message">item at another library</set></li>#Newline<li value="* ANOTHER * SYSTEM"><set name="message">item at another library</set></li>#Newline<li value="ANOTHER * SYSTEM *"><set name="message">item at another library</set></li>#Newline<li value="* ANOTHER SYSTEM *"><set name="message">item at another library</set></li>#Newline<li value="* ANOTHER * SYSTEM *"><set name="message">item at another library</set></li>#Newline#Newline<li value="ANOTHER SYSTEMS"><set name="message">item at another library</set></li>#Newline<li value="* ANOTHER SYSTEMS"><set name="message">item at another library</set></li>#Newline<li value="ANOTHER * SYSTEMS"><set name="message">item at another library</set></li>#Newline<li value="ANOTHER SYSTEMS *"><set name="message">item at another library</set></li>#Newline<li value="* ANOTHER * SYSTEMS"><set name="message">item at another library</set></li>#Newline<li value="ANOTHER * SYSTEMS *"><set name="message">item at another library</set></li>#Newline<li value="* ANOTHER SYSTEMS *"><set name="message">item at another library</set></li>#Newline<li value="* ANOTHER * SYSTEMS *"><set name="message">item at another library</set></li>#Newline#Newline<li value="DIFFERENT LIBRARY"><set name="message">item at another library</set></li>#Newline<li value="* DIFFERENT LIBRARY"><set name="message">item at another library</set></li>#Newline<li value="DIFFERENT * LIBRARY"><set name="message">item at another library</set></li>#Newline<li value="DIFFERENT LIBRARY *"><set name="message">item at another library</set></li>#Newline<li value="* DIFFERENT * LIBRARY"><set name="message">item at another library</set></li>#Newline<li value="DIFFERENT * LIBRARY *"><set name="message">item at another library</set></li>#Newline<li value="* DIFFERENT LIBRARY *"><set name="message">item at another library</set></li>#Newline<li value="* DIFFERENT * LIBRARY *"><set name="message">item at another library</set></li>#Newline#Newline<li value="DIFFERENT LIBRARIES"><set name="message">item at another library</set></li>#Newline<li value="* DIFFERENT LIBRARIES"><set name="message">item at another library</set></li>#Newline<li value="DIFFERENT * LIBRARIES"><set name="message">item at another library</set></li>#Newline<li value="DIFFERENT LIBRARIES *"><set name="message">item at another library</set></li>#Newline<li value="* DIFFERENT * LIBRARIES"><set name="message">item at another library</set></li>#Newline<li value="DIFFERENT * LIBRARIES *"><set name="message">item at another library</set></li>#Newline<li value="* DIFFERENT LIBRARIES *"><set name="message">item at another library</set></li>#Newline<li value="* DIFFERENT * LIBRARIES *"><set name="message">item at another library</set></li>#Newline#Newline<li value="DIFFERENT SYSTEM"><set name="message">item at another library</set></li>#Newline<li value="* DIFFERENT SYSTEM"><set name="message">item at another library</set></li>#Newline<li value="DIFFERENT * SYSTEM"><set name="message">item at another library</set></li>#Newline<li value="DIFFERENT SYSTEM *"><set name="message">item at another library</set></li>#Newline<li value="* DIFFERENT * SYSTEM"><set name="message">item at another library</set></li>#Newline<li value="DIFFERENT * SYSTEM *"><set name="message">item at another library</set></li>#Newline<li value="* DIFFERENT SYSTEM *"><set name="message">item at another library</set></li>#Newline<li value="* DIFFERENT * SYSTEM *"><set name="message">item at another library</set></li>#Newline#Newline<li value="DIFFERENT SYSTEMS"><set name="message">item at another library</set></li>#Newline<li value="* DIFFERENT SYSTEMS"><set name="message">item at another library</set></li>#Newline<li value="DIFFERENT * SYSTEMS"><set name="message">item at another library</set></li>#Newline<li value="DIFFERENT SYSTEMS *"><set name="message">item at another library</set></li>#Newline<li value="* DIFFERENT * SYSTEMS"><set name="message">item at another library</set></li>#Newline<li value="DIFFERENT * SYSTEMS *"><set name="message">item at another library</set></li>#Newline<li value="* DIFFERENT SYSTEMS *"><set name="message">item at another library</set></li>#Newline<li value="* DIFFERENT * SYSTEMS *"><set name="message">item at another library</set></li>#Newline#Newline<li value="OTHER LIBRARY"><set name="message">item at another library</set></li>#Newline<li value="* OTHER LIBRARY"><set name="message">item at another library</set></li>#Newline<li value="OTHER * LIBRARY"><set name="message">item at another library</set></li>#Newline<li value="OTHER LIBRARY *"><set name="message">item at another library</set></li>#Newline<li value="* OTHER * LIBRARY"><set name="message">item at another library</set></li>#Newline<li value="OTHER * LIBRARY *"><set name="message">item at another library</set></li>#Newline<li value="* OTHER LIBRARY *"><set name="message">item at another library</set></li>#Newline<li value="* OTHER * LIBRARY *"><set name="message">item at another library</set></li>#Newline#Newline<li value="OTHER LIBRARIES"><set name="message">item at another library</set></li>#Newline<li value="* OTHER LIBRARIES"><set name="message">item at another library</set></li>#Newline<li value="OTHER * LIBRARIES"><set name="message">item at another library</set></li>#Newline<li value="OTHER LIBRARIES *"><set name="message">item at another library</set></li>#Newline<li value="* OTHER * LIBRARIES"><set name="message">item at another library</set></li>#Newline<li value="OTHER * LIBRARIES *"><set name="message">item at another library</set></li>#Newline<li value="* OTHER LIBRARIES *"><set name="message">item at another library</set></li>#Newline<li value="* OTHER * LIBRARIES *"><set name="message">item at another library</set></li>#Newline#Newline<li value="OTHER SYSTEM"><set name="message">item at another library</set></li>#Newline<li value="* OTHER SYSTEM"><set name="message">item at another library</set></li>#Newline<li value="OTHER * SYSTEM"><set name="message">item at another library</set></li>#Newline<li value="OTHER SYSTEM *"><set name="message">item at another library</set></li>#Newline<li value="* OTHER * SYSTEM"><set name="message">item at another library</set></li>#Newline<li value="OTHER * SYSTEM *"><set name="message">item at another library</set></li>#Newline<li value="* OTHER SYSTEM *"><set name="message">item at another library</set></li>#Newline<li value="* OTHER * SYSTEM *"><set name="message">item at another library</set></li>#Newline#Newline<li value="OTHER SYSTEMS"><set name="message">item at another library</set></li>#Newline<li value="* OTHER SYSTEMS"><set name="message">item at another library</set></li>#Newline<li value="OTHER * SYSTEMS"><set name="message">item at another library</set></li>#Newline<li value="OTHER SYSTEMS *"><set name="message">item at another library</set></li>#Newline<li value="* OTHER * SYSTEMS"><set name="message">item at another library</set></li>#Newline<li value="OTHER * SYSTEMS *"><set name="message">item at another library</set></li>#Newline<li value="* OTHER SYSTEMS *"><set name="message">item at another library</set></li>#Newline<li value="* OTHER * SYSTEMS *"><set name="message">item at another library</set></li>#Newline#Newline<li value="COMPUTER"><set name="message">computer sign up</set></li>#Newline<li value="* COMPUTER"><set name="message">computer sign up</set></li>#Newline<li value="COMPUTER *"><set name="message">computer sign up</set></li>#Newline<li value="* COMPUTER *"><set name="message">computer sign up</set></li>#Newline#Newline<li value="COMPUTERS"><set name="message">computer sign up</set></li>#Newline<li value="* COMPUTERS"><set name="message">computer sign up</set></li>#Newline<li value="COMPUTERS *"><set name="message">computer sign up</set></li>#Newline<li value="* COMPUTERS *"><set name="message">computer sign up</set></li>#Newline#Newline<li value="INTERNET"><set name="message">computer sign up</set></li>#Newline<li value="* INTERNET"><set name="message">computer sign up</set></li>#Newline<li value="INTERNET *"><set name="message">computer sign up</set></li>#Newline<li value="* INTERNET *"><set name="message">computer sign up</set></li>#Newline#Newline<li value="PC"><set name="message">computer sign up</set></li>#Newline<li value="* PC"><set name="message">computer sign up</set></li>#Newline<li value="PC *"><set name="message">computer sign up</set></li>#Newline<li value="* PC *"><set name="message">computer sign up</set></li>#Newline#Newline<li value="PCS"><set name="message">computer sign up</set></li>#Newline<li value="* PCS"><set name="message">computer sign up</set></li>#Newline<li value="PCS *"><set name="message">computer sign up</set></li>#Newline<li value="* PCS *"><set name="message">computer sign up</set></li>#Newline#Newline#Newline#Newline#Newline#Newline#Newline#Newline#Newline<li value="KINDLE"><set name="message">hold kindle</set></li>#Newline<li value="* KINDLE"><set name="message">hold kindle</set></li>#Newline<li value="KINDLE *"><set name="message">hold kindle</set></li>#Newline<li value="* KINDLE *"><set name="message">hold kindle</set></li>#Newline#Newline<li value="KINDLES"><set name="message">hold kindle</set></li>#Newline<li value="* KINDLES"><set name="message">hold kindle</set></li>#Newline<li value="KINDLES *"><set name="message">hold kindle</set></li>#Newline<li value="* KINDLES *"><set name="message">hold kindle</set></li>#Newline#Newline#Newline#Newline#Newline#Newline<li value="NOOK"><set name="message">hold nook</set></li>#Newline<li value="* NOOK"><set name="message">hold nook</set></li>#Newline<li value="NOOK *"><set name="message">hold nook</set></li>#Newline<li value="* NOOK *"><set name="message">hold nook</set></li>#Newline#Newline<li value="NOOKS"><set name="message">hold nook</set></li>#Newline<li value="* NOOKS"><set name="message">hold nook</set></li>#Newline<li value="NOOKS *"><set name="message">hold nook</set></li>#Newline<li value="* NOOKS *"><set name="message">hold nook</set></li>#Newline#Newline#Newline#Newline#Newline#Newline#Newline#Newline#Newline#Newline#Newline#Newline#Newline#Newline#Newline#Newline#Newline#Newline#Newline#Newline#Newline</condition>#Newline<think><set name="topic"/></think>#Newline</think>#Newline#Newline<condition name="message">#Newline#Newline<li value="stop"><set name="topic"/>O.K. I'll stop.</li>#Newline#Newline<li value="no match">I'm not sure what you're asking. Please call the library at 440.255.8811 during regular business hours for assistance.</li>#Newline#Newline<li value="placeholds"><srai>PLACEHLDS</srai></li>#Newline<li value="request button"><srai>REQBUT</srai></li>#Newline<li value="delivery time"><srai>READY2PU</srai></li>#Newline<li value="too long"><srai>HOLDWAIT</srai></li>#Newline<li value="waiting list"><srai>WAITLST</srai></li>#Newline<li value="cancel in transit"><srai>CNCLINTRANS</srai></li>#Newline<li value="not filled by date"><srai>NOTFBY</srai></li>#Newline<li value="hold limit"><srai>TOTHOLDS</srai></li>#Newline<li value="hold for me"><srai>MPLACEH</srai></li>#Newline<li value="branch"><srai>HLDBRANCHITEMS</srai></li>#Newline<li value="too hot"><srai>HLD2HOTS</srai></li>#Newline<li value="ipad holds"><srai>HLDIPDS</srai></li>#Newline<li value="hold status"><srai>HLDSTATUS</srai></li>#Newline<li value="transit time"><srai>TRANSTIME</srai></li>#Newline<li value="place hold"><srai>PHSTATUS</srai></li>#Newline<li value="cancel hold"><srai>XHOLDS</srai></li>#Newline<li value="hold status"><srai>FNDHOLDS</srai></li>#Newline<li value="change pick up location"><srai>CHPULOC</srai></li>#Newline<li value="media holds2"><srai>MEDIAHLDS2</srai></li>#Newline<li value="search ohio holds"><srai>SOHLDS</srai></li>#Newline<li value="pick up time"><srai>PUTIME</srai></li>#Newline<li value="freezing holds"><srai>FRZHLDS</srai></li>#Newline<li value="thaw holds"><srai>THAWHLDS</srai></li>#Newline<li value="where are the holds"><srai>HLDLOCS</srai></li>#Newline<li value="max holds"><srai>HLDTOTS</srai></li>#Newline<li value="placed ok"><srai>HLDSUCCESS</srai></li>#Newline<li value="on holdshelf status"><srai>HLDSHLFSTATUS</srai></li>#Newline<li value="hold expiration date"><srai>HLDEXPDATE</srai></li>#Newline<li value="hold fail"><srai>HLDFAIL</srai></li>#Newline<li value="vacation"><srai>VACHLDS</srai></li>#Newline<li value="mhs"><srai>MHSPU</srai></li>#Newline<li value="notices"><srai>HLDNOTS</srai></li>#Newline<li value="future releases"><srai>PREREL</srai></li>#Newline<li value="laptop holds"><srai>LPTPHLDS</srai></li>#Newline<li value="hold item out"><srai>HLDCO</srai></li>#Newline<li value="x of y"><srai>XOFYHLDS</srai></li>#Newline<li value="tcard ill"><srai>TCRDHLDS</srai></li>#Newline<li value="maxholds"><srai>MAXHLDS</srai></li>#Newline<li value="purchreq"><srai>PRCHREQ</srai></li>#Newline<li value="verify holds"><srai>HLDSUCCESS</srai></li>#Newline<li value="cannot add holds"><srai>XADDTLHLDS</srai></li>#Newline<li value="item at another location"><srai>OTHERLOC</srai></li>#Newline<li value="item at another library"><srai>ILLHLDS</srai></li>#Newline<li value="computer sign up"><srai>COMPSU</srai></li>#Newline<li value="hold kindle"><srai>HLDKINDLES</srai></li>#Newline<li value="hold nook"><srai>HLDNOOKS</srai></li>#Newline#Newline</condition>,holds.aiml
