0,EBOOK,*,*,<srai>EBKS</srai>,overdrive_ebooks.aiml
0,EBOOKS,*,*,<srai>EBKS</srai>,overdrive_ebooks.aiml
0,E BOOK,*,*,<srai>EBKS</srai>,overdrive_ebooks.aiml
0,E BOOKS,*,*,<srai>EBKS</srai>,overdrive_ebooks.aiml
0,ELECTRONIC BOOKS,*,*,<srai>EBKS</srai>,overdrive_ebooks.aiml
0,EMEDIA,*,*,<srai>EBKS</srai>,overdrive_ebooks.aiml
0,E MEDIA,*,*,<srai>EBKS</srai>,overdrive_ebooks.aiml
0,DIGITAL EDITION,*,*,<srai>EBKS</srai>,overdrive_ebooks.aiml
0,* DIGITAL EDITION,*,*,<srai>EBKS</srai>,overdrive_ebooks.aiml
0,DIGITAL EDITION *,*,*,<srai>EBKS</srai>,overdrive_ebooks.aiml
0,* DIGITAL EDITION *,*,*,<srai>EBKS</srai>,overdrive_ebooks.aiml
0,DIGITAL EDITIONS,*,*,<srai>EBKS</srai>,overdrive_ebooks.aiml
0,DIGITAL EDITIONS *,*,*,<srai>EBKS</srai>,overdrive_ebooks.aiml
0,E READER BOOKS,*,*,<srai>EBKS</srai>,overdrive_ebooks.aiml
0,EREADER BOOKS,*,*,<srai>EBKS</srai>,overdrive_ebooks.aiml
0,NOOKBOOKS,*,*,<srai>EBKS</srai>,overdrive_ebooks.aiml
0,NOOK BOOKS,*,*,<srai>EBKS</srai>,overdrive_ebooks.aiml
0,ONLINE BOOK,*,*,<srai>EBKS</srai>,overdrive_ebooks.aiml
0,ONLINE BOOKS,*,*,<srai>EBKS</srai>,overdrive_ebooks.aiml
0,* BOOKS * DOWNLOAD * E READER,*,*,<srai>EBKS</srai>,overdrive_ebooks.aiml
0,* BOOKS * DOWNLOAD * E READERS,*,*,<srai>EBKS</srai>,overdrive_ebooks.aiml
0,OVERDRIVE,*,*,<srai>EBKS</srai>,overdrive_ebooks.aiml
0,OVER DRIVE,*,*,<srai>EBKS</srai>,overdrive_ebooks.aiml
0,_,*,EBKS,<think>#Newline<set name="answr"><star/></set>#Newline<set name="topic">EBKS2</set>#Newline</think>#Newline<srai>EBKS2</srai>,overdrive_ebooks.aiml
0,* EBOOK,*,*,<think>#Newline<set name="answr"><star/></set>#Newline<set name="topic">EBKS2</set>#Newline</think>#Newline<srai>EBKS2</srai>,overdrive_ebooks.aiml
0,* EBOOK *,*,*,<think>#Newline<set name="answr"><star index="1"/><star index="2"/></set>#Newline<set name="topic">EBKS2</set>#Newline</think>#Newline<srai>EBKS2</srai>,overdrive_ebooks.aiml
0,EBOOK *,*,*,<think>#Newline<set name="answr"><star/></set>#Newline<set name="topic">EBKS2</set>#Newline</think>#Newline<srai>EBKS2</srai>,overdrive_ebooks.aiml
0,EBOOKS *,*,*,<think>#Newline<set name="answr"><star/></set>#Newline<set name="topic">EBKS2</set>#Newline</think>#Newline<srai>EBKS2</srai>,overdrive_ebooks.aiml
0,* EBOOKS,*,*,<think>#Newline<set name="answr"><star/></set>#Newline<set name="topic">EBKS2</set>#Newline</think>#Newline<srai>EBKS2</srai>,overdrive_ebooks.aiml
0,* EBOOKS *,*,*,<think>#Newline<set name="answr"><star index="1"/><star index="2"/></set>#Newline<set name="topic">EBKS2</set>#Newline</think>#Newline<srai>EBKS2</srai>,overdrive_ebooks.aiml
0,* E BOOK,*,*,<think>#Newline<set name="answr"><star/></set>#Newline<set name="topic">EBKS2</set>#Newline</think>#Newline<srai>EBKS2</srai>,overdrive_ebooks.aiml
0,E BOOK *,*,*,<think>#Newline<set name="answr"><star/></set>#Newline<set name="topic">EBKS2</set>#Newline</think>#Newline<srai>EBKS2</srai>,overdrive_ebooks.aiml
0,* E BOOK *,*,*,<think>#Newline<set name="answr"><star index="1"/><star index="2"/></set>#Newline<set name="topic">EBKS2</set>#Newline</think>#Newline<srai>EBKS2</srai>,overdrive_ebooks.aiml
0,* E BOOKS,*,*,<think>#Newline<set name="answr"><star/></set>#Newline<set name="topic">EBKS2</set>#Newline</think>#Newline<srai>EBKS2</srai>,overdrive_ebooks.aiml
0,E BOOKS *,*,*,<think>#Newline<set name="answr"><star/></set>#Newline<set name="topic">EBKS2</set>#Newline</think>#Newline<srai>EBKS2</srai>,overdrive_ebooks.aiml
0,* E BOOKS *,*,*,<think>#Newline<set name="answr"><star index="1"/><star index="2"/></set>#Newline<set name="topic">EBKS2</set>#Newline</think>#Newline<srai>EBKS2</srai>,overdrive_ebooks.aiml
0,* ELECTRONIC BOOKS,*,*,<think>#Newline<set name="answr"><star/></set>#Newline<set name="topic">EBKS2</set>#Newline</think>#Newline<srai>EBKS2</srai>,overdrive_ebooks.aiml
0,ELECTRONIC BOOKS *,*,*,<think>#Newline<set name="answr"><star/></set>#Newline<set name="topic">EBKS2</set>#Newline</think>#Newline<srai>EBKS2</srai>,overdrive_ebooks.aiml
0,* ELECTRONIC BOOKS *,*,*,<think>#Newline<set name="answr"><star index="1"/><star index="2"/></set>#Newline<set name="topic">EBKS2</set>#Newline</think>#Newline<srai>EBKS2</srai>,overdrive_ebooks.aiml
0,* EMEDIA,*,*,<think>#Newline<set name="answr"><star/></set>#Newline<set name="topic">EBKS2</set>#Newline</think>#Newline<srai>EBKS2</srai>,overdrive_ebooks.aiml
0,EMEDIA *,*,*,<think>#Newline<set name="answr"><star/></set>#Newline<set name="topic">EBKS2</set>#Newline</think>#Newline<srai>EBKS2</srai>,overdrive_ebooks.aiml
0,* EMEDIA *,*,*,<think>#Newline<set name="answr"><star index="1"/><star index="2"/></set>#Newline<set name="topic">EBKS2</set>#Newline</think>#Newline<srai>EBKS2</srai>,overdrive_ebooks.aiml
0,* E MEDIA,*,*,<think>#Newline<set name="answr"><star/></set>#Newline<set name="topic">EBKS2</set>#Newline</think>#Newline<srai>EBKS2</srai>,overdrive_ebooks.aiml
0,E MEDIA *,*,*,<think>#Newline<set name="answr"><star/></set>#Newline<set name="topic">EBKS2</set>#Newline</think>#Newline<srai>EBKS2</srai>,overdrive_ebooks.aiml
0,* E MEDIA *,*,*,<think>#Newline<set name="answr"><star index="1"/><star index="2"/></set>#Newline<set name="topic">EBKS2</set>#Newline</think>#Newline<srai>EBKS2</srai>,overdrive_ebooks.aiml
0,* E READER BOOKS,*,*,<think>#Newline<set name="answr"><star/></set>#Newline<set name="topic">EBKS2</set>#Newline</think>#Newline<srai>EBKS2</srai>,overdrive_ebooks.aiml
0,E READER BOOKS *,*,*,<think>#Newline<set name="answr"><star/></set>#Newline<set name="topic">EBKS2</set>#Newline</think>#Newline<srai>EBKS2</srai>,overdrive_ebooks.aiml
0,* E READER BOOKS *,*,*,<think>#Newline<set name="answr"><star index="1"/><star index="2"/></set>#Newline<set name="topic">EBKS2</set>#Newline</think>#Newline<srai>EBKS2</srai>,overdrive_ebooks.aiml
0,* EREADER BOOKS,*,*,<think>#Newline<set name="answr"><star/></set>#Newline<set name="topic">EBKS2</set>#Newline</think>#Newline<srai>EBKS2</srai>,overdrive_ebooks.aiml
0,EREADER BOOKS *,*,*,<think>#Newline<set name="answr"><star/></set>#Newline<set name="topic">EBKS2</set>#Newline</think>#Newline<srai>EBKS2</srai>,overdrive_ebooks.aiml
0,* EREADER BOOKS *,*,*,<think>#Newline<set name="answr"><star index="1"/><star index="2"/></set>#Newline<set name="topic">EBKS2</set>#Newline</think>#Newline<srai>EBKS2</srai>,overdrive_ebooks.aiml
0,* NOOKBOOKS,*,*,<think>#Newline<set name="answr"><star/></set>#Newline<set name="topic">EBKS2</set>#Newline</think>#Newline<srai>EBKS2</srai>,overdrive_ebooks.aiml
0,NOOKBOOKS *,*,*,<think>#Newline<set name="answr"><star/></set>#Newline<set name="topic">EBKS2</set>#Newline</think>#Newline<srai>EBKS2</srai>,overdrive_ebooks.aiml
0,* NOOKBOOKS *,*,*,<think>#Newline<set name="answr"><star index="1"/><star index="2"/></set>#Newline<set name="topic">EBKS2</set>#Newline</think>#Newline<srai>EBKS2</srai>,overdrive_ebooks.aiml
0,* NOOK BOOKS,*,*,<think>#Newline<set name="answr"><star/></set>#Newline<set name="topic">EBKS2</set>#Newline</think>#Newline<srai>EBKS2</srai>,overdrive_ebooks.aiml
0,NOOK BOOKS *,*,*,<think>#Newline<set name="answr"><star/></set>#Newline<set name="topic">EBKS2</set>#Newline</think>#Newline<srai>EBKS2</srai>,overdrive_ebooks.aiml
0,* NOOK BOOKS *,*,*,<think>#Newline<set name="answr"><star index="1"/><star index="2"/></set>#Newline<set name="topic">EBKS2</set>#Newline</think>#Newline<srai>EBKS2</srai>,overdrive_ebooks.aiml
0,* ONLINE BOOK,*,*,<think>#Newline<set name="answr"><star/></set>#Newline<set name="topic">EBKS2</set>#Newline</think>#Newline<srai>EBKS2</srai>,overdrive_ebooks.aiml
0,ONLINE BOOK *,*,*,<think>#Newline<set name="answr"><star/></set>#Newline<set name="topic">EBKS2</set>#Newline</think>#Newline<srai>EBKS2</srai>,overdrive_ebooks.aiml
0,* ONLINE BOOK *,*,*,<think>#Newline<set name="answr"><star index="1"/><star index="2"/></set>#Newline<set name="topic">EBKS2</set>#Newline</think>#Newline<srai>EBKS2</srai>,overdrive_ebooks.aiml
0,* ONLINE BOOKS,*,*,<think>#Newline<set name="answr"><star/></set>#Newline<set name="topic">EBKS2</set>#Newline</think>#Newline<srai>EBKS2</srai>,overdrive_ebooks.aiml
0,ONLINE BOOKS *,*,*,<think>#Newline<set name="answr"><star/></set>#Newline<set name="topic">EBKS2</set>#Newline</think>#Newline<srai>EBKS2</srai>,overdrive_ebooks.aiml
0,* ONLINE BOOKS *,*,*,<think>#Newline<set name="answr"><star index="1"/><star index="2"/></set>#Newline<set name="topic">EBKS2</set>#Newline</think>#Newline<srai>EBKS2</srai>,overdrive_ebooks.aiml
0,* OVERDRIVE,*,*,<think>#Newline<set name="answr"><star/></set>#Newline<set name="topic">EBKS2</set>#Newline</think>#Newline<srai>EBKS2</srai>,overdrive_ebooks.aiml
0,OVERDRIVE *,*,*,<think>#Newline<set name="answr"><star/></set>#Newline<set name="topic">EBKS2</set>#Newline</think>#Newline<srai>EBKS2</srai>,overdrive_ebooks.aiml
0,* OVERDRIVE *,*,*,<think>#Newline<set name="answr"><star index="1"/><star index="2"/></set>#Newline<set name="topic">EBKS2</set>#Newline</think>#Newline<srai>EBKS2</srai>,overdrive_ebooks.aiml
0,* OVER DRIVE,*,*,<think>#Newline<set name="answr"><star/></set>#Newline<set name="topic">EBKS2</set>#Newline</think>#Newline<srai>EBKS2</srai>,overdrive_ebooks.aiml
0,OVER DRIVE *,*,*,<think>#Newline<set name="answr"><star/></set>#Newline<set name="topic">EBKS2</set>#Newline</think>#Newline<srai>EBKS2</srai>,overdrive_ebooks.aiml
0,* OVER DRIVE *,*,*,<think>#Newline<set name="answr"><star index="1"/><star index="2"/></set>#Newline<set name="topic">EBKS2</set>#Newline</think>#Newline<srai>EBKS2</srai>,overdrive_ebooks.aiml
0,EBKS2,*,EBKS2,<think>#Newline<get name="answr"/>#Newline<set name="message">no match</set>#Newline<condition name="answr">#Newline#Newline<li value="STOP"><set name="message">stop</set></li>#Newline#Newline<li value="GET"><set name="message">general</set></li>#Newline<li value="* GET"><set name="message">general</set></li>#Newline<li value="GET *"><set name="message">general</set></li>#Newline<li value="* GET *"><set name="message">general</set></li>#Newline#Newline<li value="ADOBE"><set name="message">adobe de</set></li>#Newline<li value="* ADOBE"><set name="message">adobe de</set></li>#Newline<li value="ADOBE *"><set name="message">adobe de</set></li>#Newline<li value="* ADOBE *"><set name="message">adobe de</set></li>#Newline#Newline<li value="HELP"><set name="message">general help</set></li>#Newline<li value="* HELP"><set name="message">general help</set></li>#Newline<li value="HELP *"><set name="message">general help</set></li>#Newline<li value="* HELP *"><set name="message">general help</set></li>#Newline#Newline<li value="HELP IPAD"><set name="message">ipad help</set></li>#Newline<li value="* HELP IPAD"><set name="message">ipad help</set></li>#Newline<li value="HELP * IPAD"><set name="message">ipad help</set></li>#Newline<li value="HELP IPAD *"><set name="message">ipad help</set></li>#Newline<li value="* HELP * IPAD"><set name="message">ipad help</set></li>#Newline<li value="HELP * IPAD *"><set name="message">ipad help</set></li>#Newline<li value="* HELP IPAD *"><set name="message">ipad help</set></li>#Newline<li value="* HELP * IPAD *"><set name="message">ipad help</set></li>#Newline#Newline<li value="HELP IPADS"><set name="message">ipad help</set></li>#Newline<li value="* HELP IPADS"><set name="message">ipad help</set></li>#Newline<li value="HELP * IPADS"><set name="message">ipad help</set></li>#Newline<li value="HELP IPADS *"><set name="message">ipad help</set></li>#Newline<li value="* HELP * IPADS"><set name="message">ipad help</set></li>#Newline<li value="HELP * IPADS *"><set name="message">ipad help</set></li>#Newline<li value="* HELP IPADS *"><set name="message">ipad help</set></li>#Newline<li value="* HELP * IPADS *"><set name="message">ipad help</set></li>#Newline#Newline<li value="HELP I PAD"><set name="message">ipad help</set></li>#Newline<li value="* HELP I PAD"><set name="message">ipad help</set></li>#Newline<li value="HELP * I PAD"><set name="message">ipad help</set></li>#Newline<li value="HELP I PAD *"><set name="message">ipad help</set></li>#Newline<li value="* HELP * I PAD"><set name="message">ipad help</set></li>#Newline<li value="HELP * I PAD *"><set name="message">ipad help</set></li>#Newline<li value="* HELP I PAD *"><set name="message">ipad help</set></li>#Newline<li value="* HELP * I PAD *"><set name="message">ipad help</set></li>#Newline#Newline<li value="HELP I PADS"><set name="message">ipad help</set></li>#Newline<li value="* HELP I PADS"><set name="message">ipad help</set></li>#Newline<li value="HELP * I PADS"><set name="message">ipad help</set></li>#Newline<li value="HELP I PADS *"><set name="message">ipad help</set></li>#Newline<li value="* HELP * I PADS"><set name="message">ipad help</set></li>#Newline<li value="HELP * I PADS *"><set name="message">ipad help</set></li>#Newline<li value="* HELP I PADS *"><set name="message">ipad help</set></li>#Newline<li value="* HELP * I PADS *"><set name="message">ipad help</set></li>#Newline#Newline<li value="HELP KINDLE"><set name="message">kindle help</set></li>#Newline<li value="* HELP KINDLE"><set name="message">kindle help</set></li>#Newline<li value="HELP * KINDLE"><set name="message">kindle help</set></li>#Newline<li value="HELP KINDLE *"><set name="message">kindle help</set></li>#Newline<li value="* HELP * KINDLE"><set name="message">kindle help</set></li>#Newline<li value="HELP * KINDLE *"><set name="message">kindle help</set></li>#Newline<li value="* HELP KINDLE *"><set name="message">kindle help</set></li>#Newline<li value="* HELP * KINDLE *"><set name="message">kindle help</set></li>#Newline#Newline<li value="HELP KINDLES"><set name="message">kindle help</set></li>#Newline<li value="* HELP KINDLES"><set name="message">kindle help</set></li>#Newline<li value="HELP * KINDLES"><set name="message">kindle help</set></li>#Newline<li value="HELP KINDLES *"><set name="message">kindle help</set></li>#Newline<li value="* HELP * KINDLES"><set name="message">kindle help</set></li>#Newline<li value="HELP * KINDLES *"><set name="message">kindle help</set></li>#Newline<li value="* HELP KINDLES *"><set name="message">kindle help</set></li>#Newline<li value="* HELP * KINDLES *"><set name="message">kindle help</set></li>#Newline#Newline<li value="HELP NOOK"><set name="message">nook help</set></li>#Newline<li value="* HELP NOOK"><set name="message">nook help</set></li>#Newline<li value="HELP * NOOK"><set name="message">nook help</set></li>#Newline<li value="HELP NOOK *"><set name="message">nook help</set></li>#Newline<li value="* HELP * NOOK"><set name="message">nook help</set></li>#Newline<li value="HELP * NOOK *"><set name="message">nook help</set></li>#Newline<li value="* HELP NOOK *"><set name="message">nook help</set></li>#Newline<li value="* HELP * NOOK *"><set name="message">nook help</set></li>#Newline#Newline<li value="HELP NOOKS"><set name="message">nook help</set></li>#Newline<li value="* HELP NOOKS"><set name="message">nook help</set></li>#Newline<li value="HELP * NOOKS"><set name="message">nook help</set></li>#Newline<li value="HELP NOOKS *"><set name="message">nook help</set></li>#Newline<li value="* HELP * NOOKS"><set name="message">nook help</set></li>#Newline<li value="HELP * NOOKS *"><set name="message">nook help</set></li>#Newline<li value="* HELP NOOKS *"><set name="message">nook help</set></li>#Newline<li value="* HELP * NOOKS *"><set name="message">nook help</set></li>#Newline#Newline<li value="IPAD HELP"><set name="message">ipad help</set></li>#Newline<li value="* IPAD HELP"><set name="message">ipad help</set></li>#Newline<li value="IPAD * HELP"><set name="message">ipad help</set></li>#Newline<li value="IPAD HELP *"><set name="message">ipad help</set></li>#Newline<li value="* IPAD * HELP"><set name="message">ipad help</set></li>#Newline<li value="IPAD * HELP *"><set name="message">ipad help</set></li>#Newline<li value="* IPAD HELP *"><set name="message">ipad help</set></li>#Newline<li value="* IPAD * HELP *"><set name="message">ipad help</set></li>#Newline#Newline<li value="I PAD HELP"><set name="message">ipad help</set></li>#Newline<li value="* I PAD HELP"><set name="message">ipad help</set></li>#Newline<li value="I PAD * HELP"><set name="message">ipad help</set></li>#Newline<li value="I PAD HELP *"><set name="message">ipad help</set></li>#Newline<li value="* I PAD * HELP"><set name="message">ipad help</set></li>#Newline<li value="I PAD * HELP *"><set name="message">ipad help</set></li>#Newline<li value="* I PAD HELP *"><set name="message">ipad help</set></li>#Newline<li value="* I PAD * HELP *"><set name="message">ipad help</set></li>#Newline#Newline<li value="KINDLE HELP"><set name="message">kindle help</set></li>#Newline<li value="* KINDLE HELP"><set name="message">kindle help</set></li>#Newline<li value="KINDLE * HELP"><set name="message">kindle help</set></li>#Newline<li value="KINDLE HELP *"><set name="message">kindle help</set></li>#Newline<li value="* KINDLE * HELP"><set name="message">kindle help</set></li>#Newline<li value="KINDLE * HELP *"><set name="message">kindle help</set></li>#Newline<li value="* KINDLE HELP *"><set name="message">kindle help</set></li>#Newline<li value="* KINDLE * HELP *"><set name="message">kindle help</set></li>#Newline#Newline<li value="NOOK HELP"><set name="message">nook help</set></li>#Newline<li value="* NOOK HELP"><set name="message">nook help</set></li>#Newline<li value="NOOK * HELP"><set name="message">nook help</set></li>#Newline<li value="NOOK HELP *"><set name="message">nook help</set></li>#Newline<li value="* NOOK * HELP"><set name="message">nook help</set></li>#Newline<li value="NOOK * HELP *"><set name="message">nook help</set></li>#Newline<li value="* NOOK HELP *"><set name="message">nook help</set></li>#Newline<li value="* NOOK * HELP *"><set name="message">nook help</set></li>#Newline#Newline<li value="COMPATIBLE"><set name="message">compatible devices</set></li>#Newline<li value="* COMPATIBLE"><set name="message">compatible devices</set></li>#Newline<li value="COMPATIBLE *"><set name="message">compatible devices</set></li>#Newline<li value="* COMPATIBLE *"><set name="message">compatible devices</set></li>#Newline#Newline<li value="DEVICE"><set name="message">compatible devices</set></li>#Newline<li value="* DEVICE"><set name="message">compatible devices</set></li>#Newline<li value="DEVICE *"><set name="message">compatible devices</set></li>#Newline<li value="* DEVICE *"><set name="message">compatible devices</set></li>#Newline#Newline<li value="DEVICES"><set name="message">compatible devices</set></li>#Newline<li value="* DEVICES"><set name="message">compatible devices</set></li>#Newline<li value="DEVICES *"><set name="message">compatible devices</set></li>#Newline<li value="* DEVICES *"><set name="message">compatible devices</set></li>#Newline#Newline<li value="EREADER WORK"><set name="message">compatible devices</set></li>#Newline<li value="* EREADER WORK"><set name="message">compatible devices</set></li>#Newline<li value="EREADER * WORK"><set name="message">compatible devices</set></li>#Newline<li value="EREADER WORK *"><set name="message">compatible devices</set></li>#Newline<li value="* EREADER * WORK"><set name="message">compatible devices</set></li>#Newline<li value="EREADER * WORK *"><set name="message">compatible devices</set></li>#Newline<li value="* EREADER WORK *"><set name="message">compatible devices</set></li>#Newline<li value="* EREADER * WORK *"><set name="message">compatible devices</set></li>#Newline#Newline<li value="E READER WORK"><set name="message">compatible devices</set></li>#Newline<li value="* E READER WORK"><set name="message">compatible devices</set></li>#Newline<li value="E READER * WORK"><set name="message">compatible devices</set></li>#Newline<li value="E READER WORK *"><set name="message">compatible devices</set></li>#Newline<li value="* E READER * WORK"><set name="message">compatible devices</set></li>#Newline<li value="E READER * WORK *"><set name="message">compatible devices</set></li>#Newline<li value="* E READER WORK *"><set name="message">compatible devices</set></li>#Newline<li value="* E READER * WORK *"><set name="message">compatible devices</set></li>#Newline#Newline<li value="EREADER WORKS"><set name="message">compatible devices</set></li>#Newline<li value="* EREADER WORKS"><set name="message">compatible devices</set></li>#Newline<li value="EREADER * WORKS"><set name="message">compatible devices</set></li>#Newline<li value="EREADER WORKS *"><set name="message">compatible devices</set></li>#Newline<li value="* EREADER * WORKS"><set name="message">compatible devices</set></li>#Newline<li value="EREADER * WORKS *"><set name="message">compatible devices</set></li>#Newline<li value="* EREADER WORKS *"><set name="message">compatible devices</set></li>#Newline<li value="* EREADER * WORKS *"><set name="message">compatible devices</set></li>#Newline#Newline<li value="E READER WORKS"><set name="message">compatible devices</set></li>#Newline<li value="* E READER WORKS"><set name="message">compatible devices</set></li>#Newline<li value="E READER * WORKS"><set name="message">compatible devices</set></li>#Newline<li value="E READER WORKS *"><set name="message">compatible devices</set></li>#Newline<li value="* E READER * WORKS"><set name="message">compatible devices</set></li>#Newline<li value="E READER * WORKS *"><set name="message">compatible devices</set></li>#Newline<li value="* E READER WORKS *"><set name="message">compatible devices</set></li>#Newline<li value="* E READER * WORKS *"><set name="message">compatible devices</set></li>#Newline#Newline<li value="EREADERS WORK"><set name="message">compatible devices</set></li>#Newline<li value="* EREADERS WORK"><set name="message">compatible devices</set></li>#Newline<li value="EREADERS * WORK"><set name="message">compatible devices</set></li>#Newline<li value="EREADERS WORK *"><set name="message">compatible devices</set></li>#Newline<li value="* EREADERS * WORK"><set name="message">compatible devices</set></li>#Newline<li value="EREADERS * WORK *"><set name="message">compatible devices</set></li>#Newline<li value="* EREADERS WORK *"><set name="message">compatible devices</set></li>#Newline<li value="* EREADERS * WORK *"><set name="message">compatible devices</set></li>#Newline#Newline<li value="E READERS WORK"><set name="message">compatible devices</set></li>#Newline<li value="* E READERS WORK"><set name="message">compatible devices</set></li>#Newline<li value="E READERS * WORK"><set name="message">compatible devices</set></li>#Newline<li value="E READERS WORK *"><set name="message">compatible devices</set></li>#Newline<li value="* E READERS * WORK"><set name="message">compatible devices</set></li>#Newline<li value="E READERS * WORK *"><set name="message">compatible devices</set></li>#Newline<li value="* E READERS WORK *"><set name="message">compatible devices</set></li>#Newline<li value="* E READERS * WORK *"><set name="message">compatible devices</set></li>#Newline#Newline<li value="EREADERS WORKS"><set name="message">compatible devices</set></li>#Newline<li value="* EREADERS WORKS"><set name="message">compatible devices</set></li>#Newline<li value="EREADERS * WORKS"><set name="message">compatible devices</set></li>#Newline<li value="EREADERS WORKS *"><set name="message">compatible devices</set></li>#Newline<li value="* EREADERS * WORKS"><set name="message">compatible devices</set></li>#Newline<li value="EREADERS * WORKS *"><set name="message">compatible devices</set></li>#Newline<li value="* EREADERS WORKS *"><set name="message">compatible devices</set></li>#Newline<li value="* EREADERS * WORKS *"><set name="message">compatible devices</set></li>#Newline#Newline<li value="E READERS WORKS"><set name="message">compatible devices</set></li>#Newline<li value="* E READERS WORKS"><set name="message">compatible devices</set></li>#Newline<li value="E READERS * WORKS"><set name="message">compatible devices</set></li>#Newline<li value="E READERS WORKS *"><set name="message">compatible devices</set></li>#Newline<li value="* E READERS * WORKS"><set name="message">compatible devices</set></li>#Newline<li value="E READERS * WORKS *"><set name="message">compatible devices</set></li>#Newline<li value="* E READERS WORKS *"><set name="message">compatible devices</set></li>#Newline<li value="* E READERS * WORKS *"><set name="message">compatible devices</set></li>#Newline#Newline<li value="DEMO"><set name="message">demos</set></li>#Newline<li value="* DEMO"><set name="message">demos</set></li>#Newline<li value="DEMO *"><set name="message">demos</set></li>#Newline<li value="* DEMO *"><set name="message">demos</set></li>#Newline#Newline<li value="DEMOS"><set name="message">demos</set></li>#Newline<li value="* DEMOS"><set name="message">demos</set></li>#Newline<li value="DEMOS *"><set name="message">demos</set></li>#Newline<li value="* DEMOS *"><set name="message">demos</set></li>#Newline#Newline<li value="TUTORIAL"><set name="message">demos</set></li>#Newline<li value="* TUTORIAL"><set name="message">demos</set></li>#Newline<li value="TUTORIAL *"><set name="message">demos</set></li>#Newline<li value="* TUTORIAL *"><set name="message">demos</set></li>#Newline#Newline<li value="TUTORIALS"><set name="message">demos</set></li>#Newline<li value="* TUTORIALS"><set name="message">demos</set></li>#Newline<li value="TUTORIALS *"><set name="message">demos</set></li>#Newline<li value="* TUTORIALS *"><set name="message">demos</set></li>#Newline#Newline<li value="RETURN"><set name="message">returning ebooks</set></li>#Newline<li value="* RETURN"><set name="message">returning ebooks</set></li>#Newline<li value="RETURN *"><set name="message">returning ebooks</set></li>#Newline<li value="* RETURN *"><set name="message">returning ebooks</set></li>#Newline#Newline<li value="RETURNING"><set name="message">returning ebooks</set></li>#Newline<li value="* RETURNING"><set name="message">returning ebooks</set></li>#Newline<li value="RETURNING *"><set name="message">returning ebooks</set></li>#Newline<li value="* RETURNING *"><set name="message">returning ebooks</set></li>#Newline#Newline<li value="RENEW"><set name="message">renewing ebooks</set></li>#Newline<li value="* RENEW"><set name="message">renewing ebooks</set></li>#Newline<li value="RENEW *"><set name="message">renewing ebooks</set></li>#Newline<li value="* RENEW *"><set name="message">renewing ebooks</set></li>#Newline#Newline<li value="RENEWAL"><set name="message">renewing ebooks</set></li>#Newline<li value="* RENEWAL"><set name="message">renewing ebooks</set></li>#Newline<li value="RENEWAL *"><set name="message">renewing ebooks</set></li>#Newline<li value="* RENEWAL *"><set name="message">renewing ebooks</set></li>#Newline#Newline<li value="RENEWALS"><set name="message">renewing ebooks</set></li>#Newline<li value="* RENEWALS"><set name="message">renewing ebooks</set></li>#Newline<li value="RENEWALS *"><set name="message">renewing ebooks</set></li>#Newline<li value="* RENEWALS *"><set name="message">renewing ebooks</set></li>#Newline#Newline<li value="RENEWED"><set name="message">renewing ebooks</set></li>#Newline<li value="* RENEWED"><set name="message">renewing ebooks</set></li>#Newline<li value="RENEWED *"><set name="message">renewing ebooks</set></li>#Newline<li value="* RENEWED *"><set name="message">renewing ebooks</set></li>#Newline#Newline<li value="RENEWING"><set name="message">renewing ebooks</set></li>#Newline<li value="* RENEWING"><set name="message">renewing ebooks</set></li>#Newline<li value="RENEWING *"><set name="message">renewing ebooks</set></li>#Newline<li value="* RENEWING *"><set name="message">renewing ebooks</set></li>#Newline#Newline<li value="FIND"><set name="message">ebook search</set></li>#Newline<li value="* FIND"><set name="message">ebook search</set></li>#Newline<li value="FIND *"><set name="message">ebook search</set></li>#Newline<li value="* FIND *"><set name="message">ebook search</set></li>#Newline#Newline<li value="FINDING"><set name="message">ebook search</set></li>#Newline<li value="* FINDING"><set name="message">ebook search</set></li>#Newline<li value="FINDING *"><set name="message">ebook search</set></li>#Newline<li value="* FINDING *"><set name="message">ebook search</set></li>#Newline#Newline<li value="SEARCH"><set name="message">ebook search</set></li>#Newline<li value="* SEARCH"><set name="message">ebook search</set></li>#Newline<li value="SEARCH *"><set name="message">ebook search</set></li>#Newline<li value="* SEARCH *"><set name="message">ebook search</set></li>#Newline#Newline<li value="SEARCHES"><set name="message">ebook search</set></li>#Newline<li value="* SEARCHES"><set name="message">ebook search</set></li>#Newline<li value="SEARCHES *"><set name="message">ebook search</set></li>#Newline<li value="* SEARCHES *"><set name="message">ebook search</set></li>#Newline#Newline<li value="SEARCHING"><set name="message">ebook search</set></li>#Newline<li value="* SEARCHING"><set name="message">ebook search</set></li>#Newline<li value="SEARCHING *"><set name="message">ebook search</set></li>#Newline<li value="* SEARCHING *"><set name="message">ebook search</set></li>#Newline#Newline<li value="LIST"><set name="message">list of ebooks</set></li>#Newline<li value="* LIST"><set name="message">list of ebooks</set></li>#Newline<li value="LIST *"><set name="message">list of ebooks</set></li>#Newline<li value="* LIST *"><set name="message">list of ebooks</set></li>#Newline#Newline<li value="LISTED"><set name="message">list of ebooks</set></li>#Newline<li value="* LISTED"><set name="message">list of ebooks</set></li>#Newline<li value="LISTED *"><set name="message">list of ebooks</set></li>#Newline<li value="* LISTED *"><set name="message">list of ebooks</set></li>#Newline#Newline<li value="LISTING"><set name="message">list of ebooks</set></li>#Newline<li value="* LISTING"><set name="message">list of ebooks</set></li>#Newline<li value="LISTING *"><set name="message">list of ebooks</set></li>#Newline<li value="* LISTING *"><set name="message">list of ebooks</set></li>#Newline#Newline<li value="LISTS"><set name="message">list of ebooks</set></li>#Newline<li value="* LISTS"><set name="message">list of ebooks</set></li>#Newline<li value="LISTS *"><set name="message">list of ebooks</set></li>#Newline<li value="* LISTS *"><set name="message">list of ebooks</set></li>#Newline#Newline<li value="FREE"><set name="message">free ebooks</set></li>#Newline<li value="* FREE"><set name="message">free ebooks</set></li>#Newline<li value="FREE *"><set name="message">free ebooks</set></li>#Newline<li value="* FREE *"><set name="message">free ebooks</set></li>#Newline#Newline<li value="OPEN LIBRARY"><set name="message">ol ebooks</set></li>#Newline<li value="* OPEN LIBRARY"><set name="message">ol ebooks</set></li>#Newline<li value="OPEN LIBRARY *"><set name="message">ol ebooks</set></li>#Newline<li value="* OPEN LIBRARY *"><set name="message">ol ebooks</set></li>#Newline#Newline<li value="PUBLIC DOMAIN"><set name="message">free ebooks</set></li>#Newline<li value="* PUBLIC DOMAIN"><set name="message">free ebooks</set></li>#Newline<li value="PUBLIC DOMAIN *"><set name="message">free ebooks</set></li>#Newline<li value="* PUBLIC DOMAIN *"><set name="message">free ebooks</set></li>#Newline#Newline<li value="IPAD"><set name="message">ipad</set></li>#Newline<li value="* IPAD"><set name="message">ipad</set></li>#Newline<li value="IPAD *"><set name="message">ipad</set></li>#Newline<li value="* IPAD *"><set name="message">ipad</set></li>#Newline#Newline<li value="IPADS"><set name="message">ipad</set></li>#Newline<li value="* IPADS"><set name="message">ipad</set></li>#Newline<li value="IPADS *"><set name="message">ipad</set></li>#Newline<li value="* IPADS *"><set name="message">ipad</set></li>#Newline#Newline<li value="I PAD"><set name="message">ipad</set></li>#Newline<li value="* I PAD"><set name="message">ipad</set></li>#Newline<li value="I PAD *"><set name="message">ipad</set></li>#Newline<li value="* I PAD *"><set name="message">ipad</set></li>#Newline#Newline<li value="I PADS"><set name="message">ipad</set></li>#Newline<li value="* I PADS"><set name="message">ipad</set></li>#Newline<li value="I PADS *"><set name="message">ipad</set></li>#Newline<li value="* I PADS *"><set name="message">ipad</set></li>#Newline#Newline<li value="KINDLE"><set name="message">kindle</set></li>#Newline<li value="* KINDLE"><set name="message">kindle</set></li>#Newline<li value="KINDLE *"><set name="message">kindle</set></li>#Newline<li value="* KINDLE *"><set name="message">kindle</set></li>#Newline#Newline<li value="KINDLES"><set name="message">kindle</set></li>#Newline<li value="* KINDLES"><set name="message">kindle</set></li>#Newline<li value="KINDLES *"><set name="message">kindle</set></li>#Newline<li value="* KINDLES *"><set name="message">kindle</set></li>#Newline#Newline<li value="NOOK"><set name="message">nook</set></li>#Newline<li value="* NOOK"><set name="message">nook</set></li>#Newline<li value="NOOK *"><set name="message">nook</set></li>#Newline<li value="* NOOK *"><set name="message">nook</set></li>#Newline#Newline<li value="NOOKS"><set name="message">nook</set></li>#Newline<li value="* NOOKS"><set name="message">nook</set></li>#Newline<li value="NOOKS *"><set name="message">nook</set></li>#Newline<li value="* NOOKS *"><set name="message">nook</set></li>#Newline#Newline<li value="READY * DOWNLOAD"><set name="message">ebook ready</set></li>#Newline<li value="* READY * DOWNLOAD"><set name="message">ebook ready</set></li>#Newline<li value="READY * DOWNLOAD *"><set name="message">ebook ready</set></li>#Newline<li value="* READY * DOWNLOAD *"><set name="message">ebook ready</set></li>#Newline#Newline<li value="AUDIO"><set name="message">downloadable media</set></li>#Newline<li value="* AUDIO"><set name="message">downloadable media</set></li>#Newline<li value="AUDIO *"><set name="message">downloadable media</set></li>#Newline<li value="* AUDIO *"><set name="message">downloadable media</set></li>#Newline#Newline<li value="AUDIOS"><set name="message">downloadable media</set></li>#Newline<li value="* AUDIOS"><set name="message">downloadable media</set></li>#Newline<li value="AUDIOS *"><set name="message">downloadable media</set></li>#Newline<li value="* AUDIOS *"><set name="message">downloadable media</set></li>#Newline#Newline<li value="AUDIOBOOK"><set name="message">downloadable media</set></li>#Newline<li value="* AUDIOBOOK"><set name="message">downloadable media</set></li>#Newline<li value="AUDIOBOOK *"><set name="message">downloadable media</set></li>#Newline<li value="* AUDIOBOOK *"><set name="message">downloadable media</set></li>#Newline#Newline<li value="AUDIOBOOKS"><set name="message">downloadable media</set></li>#Newline<li value="* AUDIOBOOKS"><set name="message">downloadable media</set></li>#Newline<li value="AUDIOBOOKS *"><set name="message">downloadable media</set></li>#Newline<li value="* AUDIOBOOKS *"><set name="message">downloadable media</set></li>#Newline#Newline<li value="AUDIO BOOK"><set name="message">downloadable media</set></li>#Newline<li value="* AUDIO BOOK"><set name="message">downloadable media</set></li>#Newline<li value="AUDIO BOOK *"><set name="message">downloadable media</set></li>#Newline<li value="* AUDIO BOOK *"><set name="message">downloadable media</set></li>#Newline#Newline<li value="AUDIO BOOKS"><set name="message">downloadable media</set></li>#Newline<li value="* AUDIO BOOKS"><set name="message">downloadable media</set></li>#Newline<li value="AUDIO BOOKS *"><set name="message">downloadable media</set></li>#Newline<li value="* AUDIO BOOKS *"><set name="message">downloadable media</set></li>#Newline#Newline<li value="EMEDIA"><set name="message">downloadable media</set></li>#Newline<li value="* EMEDIA"><set name="message">downloadable media</set></li>#Newline<li value="EMEDIA *"><set name="message">downloadable media</set></li>#Newline<li value="* EMEDIA *"><set name="message">downloadable media</set></li>#Newline#Newline<li value="E MEDIA"><set name="message">downloadable media</set></li>#Newline<li value="* E MEDIA"><set name="message">downloadable media</set></li>#Newline<li value="E MEDIA *"><set name="message">downloadable media</set></li>#Newline<li value="* E MEDIA *"><set name="message">downloadable media</set></li>#Newline#Newline<li value="MEDIA"><set name="message">downloadable media</set></li>#Newline<li value="* MEDIA"><set name="message">downloadable media</set></li>#Newline<li value="MEDIA *"><set name="message">downloadable media</set></li>#Newline<li value="* MEDIA *"><set name="message">downloadable media</set></li>#Newline#Newline<li value="MP3"><set name="message">downloadable media</set></li>#Newline<li value="* MP3"><set name="message">downloadable media</set></li>#Newline<li value="MP3 *"><set name="message">downloadable media</set></li>#Newline<li value="* MP3 *"><set name="message">downloadable media</set></li>#Newline#Newline#Newline<li value="HOW LONG"><set name="message">edev loan periods</set></li>#Newline<li value="* HOW LONG"><set name="message">edev loan periods</set></li>#Newline<li value="HOW LONG *"><set name="message">edev loan periods</set></li>#Newline<li value="* HOW LONG *"><set name="message">edev loan periods</set></li>#Newline#Newline<li value="LOAN PERIOD"><set name="message">edev loan periods</set></li>#Newline<li value="* LOAN PERIOD"><set name="message">edev loan periods</set></li>#Newline<li value="LOAN PERIOD *"><set name="message">edev loan periods</set></li>#Newline<li value="* LOAN PERIOD *"><set name="message">edev loan periods</set></li>#Newline#Newline<li value="LOAN PERIODS"><set name="message">edev loan periods</set></li>#Newline<li value="* LOAN PERIODS"><set name="message">edev loan periods</set></li>#Newline<li value="LOAN PERIODS *"><set name="message">edev loan periods</set></li>#Newline<li value="* LOAN PERIODS *"><set name="message">edev loan periods</set></li>#Newline#Newline<li value="HOW LONG IPAD"><set name="message">ipad loan periods</set></li>#Newline<li value="HOW LONG * IPAD"><set name="message">ipad loan periods</set></li>#Newline<li value="HOW LONG IPAD *"><set name="message">ipad loan periods</set></li>#Newline<li value="* HOW LONG * IPAD"><set name="message">ipad loan periods</set></li>#Newline<li value="HOW LONG * IPAD *"><set name="message">ipad loan periods</set></li>#Newline<li value="* HOW LONG * IPAD *"><set name="message">ipad loan periods</set></li>#Newline#Newline<li value="HOW LONG IPADS"><set name="message">ipad loan periods</set></li>#Newline<li value="HOW LONG * IPADS"><set name="message">ipad loan periods</set></li>#Newline<li value="HOW LONG IPADS *"><set name="message">ipad loan periods</set></li>#Newline<li value="* HOW LONG * IPADS"><set name="message">ipad loan periods</set></li>#Newline<li value="HOW LONG * IPADS *"><set name="message">ipad loan periods</set></li>#Newline<li value="* HOW LONG * IPADS *"><set name="message">ipad loan periods</set></li>#Newline#Newline<li value="IPAD LOAN PERIOD"><set name="message">ipad loan periods</set></li>#Newline<li value="* IPAD LOAN PERIOD"><set name="message">ipad loan periods</set></li>#Newline<li value="IPAD * LOAN PERIOD"><set name="message">ipad loan periods</set></li>#Newline<li value="IPAD LOAN PERIOD *"><set name="message">ipad loan periods</set></li>#Newline<li value="* IPAD * LOAN PERIOD"><set name="message">ipad loan periods</set></li>#Newline<li value="IPAD * LOAN PERIOD *"><set name="message">ipad loan periods</set></li>#Newline<li value="* IPAD * LOAN PERIOD *"><set name="message">ipad loan periods</set></li>#Newline#Newline<li value="IPAD LOAN PERIODS"><set name="message">ipad loan periods</set></li>#Newline<li value="* IPAD LOAN PERIODS"><set name="message">ipad loan periods</set></li>#Newline<li value="IPAD * LOAN PERIODS"><set name="message">ipad loan periods</set></li>#Newline<li value="IPAD LOAN PERIODS *"><set name="message">ipad loan periods</set></li>#Newline<li value="* IPAD * LOAN PERIODS"><set name="message">ipad loan periods</set></li>#Newline<li value="IPAD * LOAN PERIODS *"><set name="message">ipad loan periods</set></li>#Newline<li value="* IPAD * LOAN PERIODS *"><set name="message">ipad loan periods</set></li>#Newline#Newline<li value="LOAN PERIOD IPAD"><set name="message">ipad loan periods</set></li>#Newline<li value="* LOAN PERIOD IPAD"><set name="message">ipad loan periods</set></li>#Newline<li value="LOAN PERIOD * IPAD"><set name="message">ipad loan periods</set></li>#Newline<li value="LOAN PERIOD IPAD *"><set name="message">ipad loan periods</set></li>#Newline<li value="* LOAN PERIOD * IPAD "><set name="message">ipad loan periods</set></li>#Newline<li value="LOAN PERIOD * IPAD *"><set name="message">ipad loan periods</set></li>#Newline<li value="* LOAN PERIOD * IPAD *"><set name="message">ipad loan periods</set></li>#Newline#Newline<li value="LOAN PERIOD IPADS"><set name="message">ipad loan periods</set></li>#Newline<li value="* LOAN PERIOD IPADS"><set name="message">ipad loan periods</set></li>#Newline<li value="LOAN PERIOD * IPADS"><set name="message">ipad loan periods</set></li>#Newline<li value="LOAN PERIOD IPADS *"><set name="message">ipad loan periods</set></li>#Newline<li value="* LOAN PERIOD * IPADS "><set name="message">ipad loan periods</set></li>#Newline<li value="LOAN PERIOD * IPADS *"><set name="message">ipad loan periods</set></li>#Newline<li value="* LOAN PERIOD * IPADS *"><set name="message">ipad loan periods</set></li>#Newline#Newline<li value="LOAN PERIODS IPAD"><set name="message">ipad loan periods</set></li>#Newline<li value="* LOAN PERIODS IPAD"><set name="message">ipad loan periods</set></li>#Newline<li value="LOAN PERIODS * IPAD"><set name="message">ipad loan periods</set></li>#Newline<li value="LOAN PERIODS IPAD *"><set name="message">ipad loan periods</set></li>#Newline<li value="* LOAN PERIODS * IPAD "><set name="message">ipad loan periods</set></li>#Newline<li value="LOAN PERIODS * IPAD *"><set name="message">ipad loan periods</set></li>#Newline<li value="* LOAN PERIODS * IPAD *"><set name="message">ipad loan periods</set></li>#Newline#Newline<li value="LOAN PERIODS IPADS"><set name="message">ipad loan periods</set></li>#Newline<li value="* LOAN PERIODS IPADS"><set name="message">ipad loan periods</set></li>#Newline<li value="LOAN PERIODS * IPADS"><set name="message">ipad loan periods</set></li>#Newline<li value="LOAN PERIODS IPADS *"><set name="message">ipad loan periods</set></li>#Newline<li value="* LOAN PERIODS * IPADS "><set name="message">ipad loan periods</set></li>#Newline<li value="LOAN PERIODS * IPADS *"><set name="message">ipad loan periods</set></li>#Newline<li value="* LOAN PERIODS * IPADS *"><set name="message">ipad loan periods</set></li>#Newline#Newline<li value="HOW LONG KINDLE"><set name="message">kindle loan periods</set></li>#Newline<li value="HOW LONG * KINDLE"><set name="message">kindle loan periods</set></li>#Newline<li value="HOW LONG KINDLE *"><set name="message">kindle loan periods</set></li>#Newline<li value="* HOW LONG * KINDLE"><set name="message">kindle loan periods</set></li>#Newline<li value="HOW LONG * KINDLE *"><set name="message">kindle loan periods</set></li>#Newline<li value="* HOW LONG * KINDLE *"><set name="message">kindle loan periods</set></li>#Newline#Newline<li value="HOW LONG KINDLES"><set name="message">kindle loan periods</set></li>#Newline<li value="HOW LONG * KINDLES"><set name="message">kindle loan periods</set></li>#Newline<li value="HOW LONG KINDLES *"><set name="message">kindle loan periods</set></li>#Newline<li value="* HOW LONG * KINDLES"><set name="message">kindle loan periods</set></li>#Newline<li value="HOW LONG * KINDLES *"><set name="message">kindle loan periods</set></li>#Newline<li value="* HOW LONG * KINDLES *"><set name="message">kindle loan periods</set></li>#Newline#Newline<li value="KINDLE LOAN PERIOD"><set name="message">kindle loan periods</set></li>#Newline<li value="* KINDLE LOAN PERIOD"><set name="message">kindle loan periods</set></li>#Newline<li value="KINDLE * LOAN PERIOD"><set name="message">kindle loan periods</set></li>#Newline<li value="KINDLE LOAN PERIOD *"><set name="message">kindle loan periods</set></li>#Newline<li value="* KINDLE * LOAN PERIOD"><set name="message">kindle loan periods</set></li>#Newline<li value="KINDLE * LOAN PERIOD *"><set name="message">kindle loan periods</set></li>#Newline<li value="* KINDLE * LOAN PERIOD *"><set name="message">kindle loan periods</set></li>#Newline#Newline<li value="KINDLE LOAN PERIODS"><set name="message">kindle loan periods</set></li>#Newline<li value="* KINDLE LOAN PERIODS"><set name="message">kindle loan periods</set></li>#Newline<li value="KINDLE * LOAN PERIODS"><set name="message">kindle loan periods</set></li>#Newline<li value="KINDLE LOAN PERIODS *"><set name="message">kindle loan periods</set></li>#Newline<li value="* KINDLE * LOAN PERIODS"><set name="message">kindle loan periods</set></li>#Newline<li value="KINDLE * LOAN PERIODS *"><set name="message">kindle loan periods</set></li>#Newline<li value="* KINDLE * LOAN PERIODS *"><set name="message">kindle loan periods</set></li>#Newline#Newline<li value="LOAN PERIOD KINDLE"><set name="message">kindle loan periods</set></li>#Newline<li value="* LOAN PERIOD KINDLE"><set name="message">kindle loan periods</set></li>#Newline<li value="LOAN PERIOD * KINDLE"><set name="message">kindle loan periods</set></li>#Newline<li value="LOAN PERIOD KINDLE *"><set name="message">kindle loan periods</set></li>#Newline<li value="* LOAN PERIOD * KINDLE "><set name="message">kindle loan periods</set></li>#Newline<li value="LOAN PERIOD * KINDLE *"><set name="message">kindle loan periods</set></li>#Newline<li value="* LOAN PERIOD * KINDLE *"><set name="message">kindle loan periods</set></li>#Newline#Newline<li value="LOAN PERIOD KINDLES"><set name="message">kindle loan periods</set></li>#Newline<li value="* LOAN PERIOD KINDLES"><set name="message">kindle loan periods</set></li>#Newline<li value="LOAN PERIOD * KINDLES"><set name="message">kindle loan periods</set></li>#Newline<li value="LOAN PERIOD KINDLES *"><set name="message">kindle loan periods</set></li>#Newline<li value="* LOAN PERIOD * KINDLES "><set name="message">kindle loan periods</set></li>#Newline<li value="LOAN PERIOD * KINDLES *"><set name="message">kindle loan periods</set></li>#Newline<li value="* LOAN PERIOD * KINDLES *"><set name="message">kindle loan periods</set></li>#Newline#Newline<li value="LOAN PERIODS KINDLE"><set name="message">kindle loan periods</set></li>#Newline<li value="* LOAN PERIODS KINDLE"><set name="message">kindle loan periods</set></li>#Newline<li value="LOAN PERIODS * KINDLE"><set name="message">kindle loan periods</set></li>#Newline<li value="LOAN PERIODS KINDLE *"><set name="message">kindle loan periods</set></li>#Newline<li value="* LOAN PERIODS * KINDLE "><set name="message">kindle loan periods</set></li>#Newline<li value="LOAN PERIODS * KINDLE *"><set name="message">kindle loan periods</set></li>#Newline<li value="* LOAN PERIODS * KINDLE *"><set name="message">kindle loan periods</set></li>#Newline#Newline<li value="LOAN PERIODS KINDLES"><set name="message">kindle loan periods</set></li>#Newline<li value="* LOAN PERIODS KINDLES"><set name="message">kindle loan periods</set></li>#Newline<li value="LOAN PERIODS * KINDLES"><set name="message">kindle loan periods</set></li>#Newline<li value="LOAN PERIODS KINDLES *"><set name="message">kindle loan periods</set></li>#Newline<li value="* LOAN PERIODS * KINDLES "><set name="message">kindle loan periods</set></li>#Newline<li value="LOAN PERIODS * KINDLES *"><set name="message">kindle loan periods</set></li>#Newline<li value="* LOAN PERIODS * KINDLES *"><set name="message">kindle loan periods</set></li>#Newline#Newline<li value="FINE"><set name="message">fines</set></li>#Newline<li value="* FINE"><set name="message">fines</set></li>#Newline<li value="FINE *"><set name="message">fines</set></li>#Newline<li value="* FINE *"><set name="message">fines</set></li>#Newline#Newline<li value="FINED"><set name="message">fines</set></li>#Newline<li value="* FINED"><set name="message">fines</set></li>#Newline<li value="FINED *"><set name="message">fines</set></li>#Newline<li value="* FINED *"><set name="message">fines</set></li>#Newline#Newline<li value="FINES"><set name="message">fines</set></li>#Newline<li value="* FINES"><set name="message">fines</set></li>#Newline<li value="FINES *"><set name="message">fines</set></li>#Newline<li value="* FINES *"><set name="message">fines</set></li>#Newline#Newline<li value="FEE"><set name="message">fines</set></li>#Newline<li value="* FEE"><set name="message">fines</set></li>#Newline<li value="FEE *"><set name="message">fines</set></li>#Newline<li value="* FEE *"><set name="message">fines</set></li>#Newline#Newline<li value="FEES"><set name="message">fines</set></li>#Newline<li value="* FEES"><set name="message">fines</set></li>#Newline<li value="FEES *"><set name="message">fines</set></li>#Newline<li value="* FEES *"><set name="message">fines</set></li>#Newline#Newline<li value="CHARGE"><set name="message">fines</set></li>#Newline<li value="* CHARGE"><set name="message">fines</set></li>#Newline<li value="CHARGE *"><set name="message">fines</set></li>#Newline<li value="* CHARGE *"><set name="message">fines</set></li>#Newline#Newline<li value="CHARGES"><set name="message">fines</set></li>#Newline<li value="* CHARGES"><set name="message">fines</set></li>#Newline<li value="CHARGES *"><set name="message">fines</set></li>#Newline<li value="* CHARGES *"><set name="message">fines</set></li>#Newline#Newline<li value="BREAK"><set name="message">damage replace</set></li>#Newline<li value="* BREAK"><set name="message">damage replace</set></li>#Newline<li value="BREAK *"><set name="message">damage replace</set></li>#Newline<li value="* BREAK *"><set name="message">damage replace</set></li>#Newline#Newline<li value="BREAKS"><set name="message">damage replace</set></li>#Newline<li value="* BREAKS"><set name="message">damage replace</set></li>#Newline<li value="BREAKS *"><set name="message">damage replace</set></li>#Newline<li value="* BREAKS *"><set name="message">damage replace</set></li>#Newline#Newline<li value="BROKEN"><set name="message">damage replace</set></li>#Newline<li value="* BROKEN"><set name="message">damage replace</set></li>#Newline<li value="BROKEN *"><set name="message">damage replace</set></li>#Newline<li value="* BROKEN *"><set name="message">damage replace</set></li>#Newline#Newline<li value="DAMAGE"><set name="message">damage replace</set></li>#Newline<li value="* DAMAGE"><set name="message">damage replace</set></li>#Newline<li value="DAMAGE *"><set name="message">damage replace</set></li>#Newline<li value="* DAMAGE *"><set name="message">damage replace</set></li>#Newline#Newline<li value="DAMAGED"><set name="message">damage replace</set></li>#Newline<li value="* DAMAGED"><set name="message">damage replace</set></li>#Newline<li value="DAMAGED *"><set name="message">damage replace</set></li>#Newline<li value="* DAMAGED *"><set name="message">damage replace</set></li>#Newline#Newline<li value="DAMAGES"><set name="message">damage replace</set></li>#Newline<li value="* DAMAGES"><set name="message">damage replace</set></li>#Newline<li value="DAMAGES *"><set name="message">damage replace</set></li>#Newline<li value="* DAMAGES *"><set name="message">damage replace</set></li>#Newline#Newline<li value="LOSE"><set name="message">damage replace</set></li>#Newline<li value="* LOSE"><set name="message">damage replace</set></li>#Newline<li value="LOSE *"><set name="message">damage replace</set></li>#Newline<li value="* LOSE *"><set name="message">damage replace</set></li>#Newline#Newline<li value="LOSES"><set name="message">damage replace</set></li>#Newline<li value="* LOSES"><set name="message">damage replace</set></li>#Newline<li value="LOSES *"><set name="message">damage replace</set></li>#Newline<li value="* LOSES *"><set name="message">damage replace</set></li>#Newline#Newline<li value="LOST"><set name="message">damage replace</set></li>#Newline<li value="* LOST"><set name="message">damage replace</set></li>#Newline<li value="LOST *"><set name="message">damage replace</set></li>#Newline<li value="* LOST *"><set name="message">damage replace</set></li>#Newline#Newline<li value="REPLACE"><set name="message">damage replace</set></li>#Newline<li value="* REPLACE"><set name="message">damage replace</set></li>#Newline<li value="REPLACE *"><set name="message">damage replace</set></li>#Newline<li value="* REPLACE *"><set name="message">damage replace</set></li>#Newline#Newline<li value="REPLACEMENT"><set name="message">damage replace</set></li>#Newline<li value="* REPLACEMENT"><set name="message">damage replace</set></li>#Newline<li value="REPLACEMENT *"><set name="message">damage replace</set></li>#Newline<li value="* REPLACEMENT *"><set name="message">damage replace</set></li>#Newline#Newline<li value="STEAL"><set name="message">damage replace</set></li>#Newline<li value="* STEAL"><set name="message">damage replace</set></li>#Newline<li value="STEAL *"><set name="message">damage replace</set></li>#Newline<li value="* STEAL *"><set name="message">damage replace</set></li>#Newline#Newline<li value="STEALS"><set name="message">damage replace</set></li>#Newline<li value="* STEALS"><set name="message">damage replace</set></li>#Newline<li value="STEALS *"><set name="message">damage replace</set></li>#Newline<li value="* STEALS *"><set name="message">damage replace</set></li>#Newline#Newline<li value="STOLEN"><set name="message">damage replace</set></li>#Newline<li value="* STOLEN"><set name="message">damage replace</set></li>#Newline<li value="STOLEN *"><set name="message">damage replace</set></li>#Newline<li value="* STOLEN *"><set name="message">damage replace</set></li>#Newline#Newline#Newline#Newline</condition>#Newline<think><set name="topic"/></think>#Newline</think>#Newline#Newline<condition name="message">#Newline#Newline<li value="stop"><set name="topic"/>O.K. I'll stop.</li>#Newline#Newline<li value="no match">O.K. If you need any further assistance#Comma please call the library at 440.255.8811 during regular business hours.</li>#Newline<li value="general"><srai>EBKS</srai></li>#Newline<li value="adobe de"><srai>ADEHELP</srai></li>#Newline#Newline<li value="help"><srai>ODHELP</srai></li>#Newline#Newline<li value="compatible devices"><srai>COMPATDEVS</srai></li>#Newline#Newline<li value="demos"><srai>ODDEMOS</srai></li>#Newline#Newline<li value="returning ebooks"><srai>EBKRETURN</srai></li>#Newline  #Newline<li value="ebook search"><srai>SRCHEBKS</srai></li>#Newline#Newline<li value="list of ebooks"><srai>EBKLIST</srai></li>#Newline#Newline<li value="free"><srai>FREE EBKS</srai></li>#Newline#Newline<li value="ipad help"><srai>DWN IPDS</srai></li>#Newline#Newline<li value="kindle help"><srai>DWN KINDL</srai></li>#Newline#Newline<li value="nook help"><srai>DWN NKS</srai></li>#Newline#Newline<li value="ipad"><srai>GENINFO IPDS</srai></li>#Newline#Newline<li value="kindle"><srai>GENINFO KINDL</srai></li>#Newline#Newline<li value="nook"><srai>GENINFO NKS</srai></li>#Newline #Newline<li value="ebook ready"><srai>EBKS READY</srai></li>#Newline#Newline<li value="downloadable media"><srai>DWN MEDIA</srai></li>#Newline#Newline<li value="ol ebooks"><srai>OPNLIB</srai></li>#Newline#Newline<li value="odipad"><srai>DWN IPDS</srai></li>#Newline#Newline<li value="odkindle"><srai>DWN KINDL</srai></li>#Newline#Newline<li value="odnook"><srai>DWN NKS</srai></li>#Newline#Newline<li value="damage replace"><srai>EDEV WRECK</srai></li>#Newline#Newline#Newline</condition>,overdrive_ebooks.aiml
