0,TEEN BOOK CLUB,*,*,<srai>TNBKCLB</srai>,teens.aiml
0,TEEN BOOK CLUBS,*,*,<srai>TNBKCLB</srai>,teens.aiml
0,_ TEEN * CLUB,*,*,<srai>TNBKCLB</srai>,teens.aiml
0,_ TEEN * CLUBS,*,*,<srai>TNBKCLB</srai>,teens.aiml
0,TEEN S DEPARTMENT,*,*,<srai>TNSDEPT</srai>,teens.aiml
0,* TEEN S DEPARTMENT,*,*,<srai>TNSDEPT</srai>,teens.aiml
0,* TEEN S DEPARTMENT *,*,*,<srai>TNSDEPT</srai>,teens.aiml
0,TEEN S DEPARTMENT *,*,*,<srai>TNSDEPT</srai>,teens.aiml
0,TEENS DEPARTMENT,*,*,<srai>TNSDEPT</srai>,teens.aiml
0,* TEENS DEPARTMENT,*,*,<srai>TNSDEPT</srai>,teens.aiml
0,* TEENS DEPARTMENT *,*,*,<srai>TNSDEPT</srai>,teens.aiml
0,TEENS DEPARTMENT *,*,*,<srai>TNSDEPT</srai>,teens.aiml
0,TEENS SECTION,*,*,<srai>TNSDEPT</srai>,teens.aiml
0,* TEENS SECTION,*,*,<srai>TNSDEPT</srai>,teens.aiml
0,* TEENS SECTION *,*,*,<srai>TNSDEPT</srai>,teens.aiml
0,TEENS SECTION *,*,*,<srai>TNSDEPT</srai>,teens.aiml
0,TEEN S SECTION,*,*,<srai>TNSDEPT</srai>,teens.aiml
0,* TEEN S SECTION,*,*,<srai>TNSDEPT</srai>,teens.aiml
0,* TEEN S SECTION *,*,*,<srai>TNSDEPT</srai>,teens.aiml
0,TEEN S SECTION *,*,*,<srai>TNSDEPT</srai>,teens.aiml
0,* TEEN S SERVICES,*,*,<srai>TNSDEPT</srai>,teens.aiml
0,* TEEN S SERVICES *,*,*,<srai>TNSDEPT</srai>,teens.aiml
0,TEEN S SERVICES *,*,*,<srai>TNSDEPT</srai>,teens.aiml
0,TEENS SERVICES,*,*,<srai>TNSDEPT</srai>,teens.aiml
0,* TEENS SERVICES,*,*,<srai>TNSDEPT</srai>,teens.aiml
0,* TEENS SERVICES *,*,*,<srai>TNSDEPT</srai>,teens.aiml
0,TEENS SERVICES *,*,*,<srai>TNSDEPT</srai>,teens.aiml
0,TEEN DEPARTMENT,*,*,<srai>TNSDEPT</srai>,teens.aiml
0,* TEEN DEPARTMENT,*,*,<srai>TNSDEPT</srai>,teens.aiml
0,* TEEN DEPARTMENT *,*,*,<srai>TNSDEPT</srai>,teens.aiml
0,TEEN DEPARTMENT *,*,*,<srai>TNSDEPT</srai>,teens.aiml
0,TEEN SECTION,*,*,<srai>TNSDEPT</srai>,teens.aiml
0,* TEEN SECTION,*,*,<srai>TNSDEPT</srai>,teens.aiml
0,* TEEN SECTION *,*,*,<srai>TNSDEPT</srai>,teens.aiml
0,TEEN SECTION *,*,*,<srai>TNSDEPT</srai>,teens.aiml
0,YA DEPARTMENT,*,*,<srai>TNSDEPT</srai>,teens.aiml
0,* YA DEPARTMENT,*,*,<srai>TNSDEPT</srai>,teens.aiml
0,* YA DEPARTMENT *,*,*,<srai>TNSDEPT</srai>,teens.aiml
0,YA DEPARTMENT *,*,*,<srai>TNSDEPT</srai>,teens.aiml
0,YA SECTION,*,*,<srai>TNSDEPT</srai>,teens.aiml
0,* YA SECTION,*,*,<srai>TNSDEPT</srai>,teens.aiml
0,* YA SECTION *,*,*,<srai>TNSDEPT</srai>,teens.aiml
0,YA SECTION *,*,*,<srai>TNSDEPT</srai>,teens.aiml
